reviewId,userName,userImage,content,score,thumbsUpCount,reviewCreatedVersion,at,replyContent,repliedAt,label
c3c5f69d-4b8e-4237-919e-6992d60b9f29,M ryan,https://play-lh.googleusercontent.com/a/AEdFTp4vpEuKiQ8EYsRzpRvSiFOjHv6vK_wPgApbzbAi=mo,bagus,1,0,27.1.3,2023-01-06 18:21:30,,,-1.0
82362c4d-4610-47d7-a883-48152da9bf2b,safarar021 safarar021,https://play-lh.googleusercontent.com/a/AEdFTp4ZGCOXOQAv6518Cnaq1bUMLXzr5UIOxsPSCy2Q=mo,Tampa tik tok hidub terasa sepiğŸ¤£ğŸ¤£,5,0,,2023-01-07 00:34:27,,,1.0
b4a72046-80d6-485a-8187-2945e38d9cc8,norman mahendra,https://play-lh.googleusercontent.com/a-/AD5-WCk7ZCN5ZFJwdRgBucn5T5Ea-Rzii388CdnrscYln7I,Goid,5,0,27.7.3,2023-01-07 12:54:00,,,1.0
4dc9c809-21bb-4370-94d3-d4e83c813be2,dimas riski kurniawan,https://play-lh.googleusercontent.com/a/AEdFTp4mcXRsrpUOf44v16vo0yeuEpYe6LPgIGklE8Yc=mo,sangat bagus,5,0,,2023-01-06 22:16:01,,,1.0
d3ba443c-da1d-4583-8b08-f34180c7f598,bapak sutiman,https://play-lh.googleusercontent.com/a/AEdFTp4qXCDUg7UESuvowd10V29805x6xJ_QidNfPIsY=mo,P im ZZ@@@,4,0,27.5.4,2023-01-06 16:32:52,,,1.0
3cd64d9f-7e86-4d6d-b5f7-eea1d58287e8,Asep Dermawan,https://play-lh.googleusercontent.com/a/AEdFTp5wnZVRDy3nTYsfcVkeQ-Au-IWDEDczMT34HBUK=mo,Bachusck,5,0,,2023-01-08 06:29:10,,,1.0
84ee25cb-aa57-44de-9b6f-d40deda57830,Ati Susilawati,https://play-lh.googleusercontent.com/a/AEdFTp4TFtLSRSa8rTGwU9igLoqQ8FzLBNlJ2SlooBPH=mo,"I,M HAPPY APL TIKTOK HAPPY YOUR IS HOME",4,0,,2023-01-07 13:32:40,,,1.0
8ab20016-d4c1-4b40-af02-12bba4d6cfb4,Irma wati,https://play-lh.googleusercontent.com/a/AEdFTp6Bdr5ifpYE7S5MWCjxkwX-6Xan13YCXWZcLZwe=mo,Kamu nanya,5,0,27.6.3,2023-01-08 14:03:46,,,1.0
619896ee-8a92-4d4a-85e1-96a951396810,Muhammad Ikbal,https://play-lh.googleusercontent.com/a-/AD5-WCkUX0W__6iJ07zgIJe60-TDrUQfohMxMTa5KKmA,Keren,5,0,27.6.3,2023-01-07 18:02:10,,,1.0
5b6b3017-ac4c-4bf1-b109-03463b9b0c5e,Kang Oyib,https://play-lh.googleusercontent.com/a-/AD5-WClxwyeYr34KQWaHrI6Ajnz1gCAyELjd3bdARmUCjw,Baik,5,0,27.6.3,2023-01-07 11:53:37,,,1.0
4481d910-a392-40c9-bb7e-ca22f72d65e4,Gnwnxcoustik,https://play-lh.googleusercontent.com/a-/AD5-WCmP1O3D6oxBOofgeuaAAYqqYWpg-oR1clGzwBnDIg,"Akun saya terkunci tidak tau alasannya, tolong dibantu untuk proses akunnya Ussername : snapstorywa_",2,0,27.6.3,2023-01-07 05:12:26,,,-1.0
954a9b08-c6f9-4a56-a825-b14dd4641308,Bintang Rahma syifa,https://play-lh.googleusercontent.com/a/AEdFTp4SwQ0KklRsVLPsPEN35SWmKHz2kKfmMB3Mx4s=mo,Krna aku mau efek suara wulan tpi ga bisa mulu udh di apdate tpi ttp ga bisa,4,0,,2023-01-08 11:05:14,,,1.0
d2d74680-5360-4290-b522-157cd9d66717,Deunk Tea,https://play-lh.googleusercontent.com/a/AEdFTp7dTSHncFSXqYx7Q4KyNKRSanQKpjmutzA_0oQb=mo,ğŸ‘,4,0,,2023-01-07 21:33:59,,,1.0
96791859-341e-4c11-a19d-b485b3c83457,Ida Farida,https://play-lh.googleusercontent.com/a/AEdFTp7pseTPnytWl9ETa4WJW_6FL572PXEmvoeiyOoR=mo,Bagus bgt,5,0,,2023-01-06 18:22:55,,,1.0
3cdcefbb-599a-46f4-befb-623d2f3894c0,itz khansa,https://play-lh.googleusercontent.com/a-/AD5-WCnWk7ARt3gSuSHJHI3pAek-zbf6esrMEKsrB9Zi-A,"Saya sangat kecewa,Tik Tok ban akun yang tidak bersalah Malah yang tidak pantas di lihat tidak di ban. Saya sangat kecewa. Terima kasih.",1,1,25.6.4,2023-01-08 13:48:04,,,-1.0
c17aea98-c6f7-425a-8447-2ed16597eec5,Putra alamsyah Rahman,https://play-lh.googleusercontent.com/a/AEdFTp7Y8jJZzKlaH2kLLTuTXY-GxzYTNYrBJQbbOYi1=mo,"Dari Beberapa bulan yang lalu sampai dengan hari ini kenapa video yang muncul di beranda saya selalu campuran. Kenapa tidak sesuai sama riwayat video yang pernah saya like, simpan di akun, dan simpan di galeri hp saya. Mohon diperbaiki lagi sistem rekomendasi video yang muncul di setiap akun tiktok. Terima kasih",1,0,,2023-01-08 03:54:39,,,-1.0
c84be4a3-a17c-4196-9056-aac1ca4fe550,Rendhy Solata,https://play-lh.googleusercontent.com/a/AEdFTp47YfSbTBwuxs0zHX0wD2UUzZknQuNm55ZfYGrY=mo,Saya suka,5,0,27.6.3,2023-01-06 14:02:07,,,1.0
c49a060b-4946-439f-ad59-a3b494bd744b,Dhana firmansyah Firmansyah,https://play-lh.googleusercontent.com/a-/AD5-WCkm38zWXF5oWayKqB9p9wZkczOthH0HgnaSoDHi,Mau mengapdet yang baru,5,0,27.5.4,2023-01-07 01:44:09,,,1.0
4721ec9f-48e4-40a7-98f3-812a91004ed2,Sifa Nur Anggraini,https://play-lh.googleusercontent.com/a/AEdFTp78Mr022s34aS9w32HMPswZ-bSThLCxMvREfhDg=mo,Aplikasi nya bagus,5,0,25.4.4,2023-01-07 15:48:42,,,1.0
315485ec-d1fd-4f93-afce-5e31b0e058d5,Zidan Niam,https://play-lh.googleusercontent.com/a-/AD5-WCkt8C5LYG3BolTCh4y_sYnCg9ObxKYyoR40dL_k-Q,Apik tenan,5,0,27.6.3,2023-01-08 09:54:12,,,1.0
1eb6e5b3-6108-4308-ad88-4bd4e777cc3a,Arifah Khumairah,https://play-lh.googleusercontent.com/a-/AD5-WCmxp7UG7UmqcRvMUC3kRTnaOtIsowmW0wojG4P2,Apk gajeeee!,4,0,,2023-01-07 22:52:37,,,1.0
282af150-ca48-4103-bd2a-f47541b4f2d7,udi mashudi,https://play-lh.googleusercontent.com/a/AEdFTp6qu_S_6WFMyPnBv_ONzINOSz1mBAt8QS1xQXxN=mo,si mmaman naink ke atap mantap,5,0,,2023-01-07 13:41:44,,,1.0
97d1b85e-1f8b-47ca-9983-5b8ab17e6d89,Desanatai Baru2021,https://play-lh.googleusercontent.com/a/AEdFTp7EdKte3tSs3HHXxxv118J0PRCFUOn3X1yfwbHi=mo,Sangat cocok untuk Anda yang ingin jualan online,5,0,27.2.5,2023-01-06 21:17:19,,,1.0
507ac65e-8a9c-4b49-b3a8-7424a4bf08c7,Adi Surya Hartono,https://play-lh.googleusercontent.com/a/AEdFTp4tE4co_mPn3ET267gxRb0099q4nOthPlrvG12L=mo,Selalu bekreyasi Bg,5,0,27.5.4,2023-01-06 20:34:24,,,1.0
3c349b0f-2d04-4f46-8425-6a21fef793f0,Sonny Irawan,https://play-lh.googleusercontent.com/a-/AD5-WCmMtwZ8UzYbbZA2plNttlJiMpubQgZFKcEhdmyX,Viral,5,0,27.2.4,2023-01-06 15:56:31,,,1.0
fd2d4a48-a69d-4d3a-9dc2-814f81326063,Satria SatriaAulia,https://play-lh.googleusercontent.com/a/AEdFTp76uOfCaVZ-yugi5aPpjDkPiTHbSQNpKZ761je_=mo,Untuk teman2 saya kasih tau jangan download TIKTOK karena gajelas apl nya selalu update terus dan beberapa filter tidak bisa digunakan #TiktokRusak,1,0,,2023-01-07 12:55:26,,,-1.0
8aa1072a-03f9-4f20-9a93-a334fea8f233,Ovitamh25@gmail.com Ovitamh,https://play-lh.googleusercontent.com/a/AEdFTp4R5hLSW6aSzntho9sQSxokaPCEgnRbXcMc6HaN=mo,Sangat bagus,5,0,,2023-01-06 21:11:08,,,1.0
5284d1ea-739e-4e8b-af18-0ecab37659a9,Vita Vivo,https://play-lh.googleusercontent.com/a/AEdFTp6O3moFwGd4bKZuAf5pxUzCGCRiHCWXjET7t4ft=mo,"Ini baguss bngt. . . Bisa hibur akuu,, aku suka jadi kasih bintang 5",5,0,,2023-01-06 20:59:15,,,1.0
04bbf23a-3a61-4cb4-b026-15d6a4d797b4,Sanusi Sanggau,https://play-lh.googleusercontent.com/a/AEdFTp69PMu7qFJCEWLOgV4h2OqSn2TAXMSyeHNNZeTZ=mo,Sangat cocok untuk saya,5,0,,2023-01-07 15:42:31,,,1.0
09deb499-a89f-49d8-8fc0-295badeeb822,Aditiya Scs,https://play-lh.googleusercontent.com/a/AEdFTp7qzor3KazJLCdtri-CinQGVLOtS97XXe7YSFuR=mo,ğŸ˜ğŸ˜ğŸ˜˜ğŸ˜˜ğŸ˜ğŸ˜˜ğŸ˜˜ğŸ˜ğŸ˜˜ğŸ˜ğŸ˜˜ğŸ˜ğŸ˜˜ğŸ˜ğŸ˜˜ğŸ˜˜ğŸ˜˜,5,0,,2023-01-08 09:46:24,,,1.0
e2fb25fb-533e-488f-a6d0-fb81e6f0e5f8,Arsa Bilah,https://play-lh.googleusercontent.com/a/AEdFTp6Q9r9l7_GIuuEmf23PvMubQckrTRcUxCAFxo0L=mo,Saya kasih pintang 3,3,0,,2023-01-06 20:20:11,,,0.0
647c4bff-eab0-428e-8068-20f97876c1ac,Lutfi Upi,https://play-lh.googleusercontent.com/a/AEdFTp7bQYerJ6tiSQbitsjAvYsI83EUmVrpLuYo0-wB=mo,Kak kok udh di update tapi kok gk ada efek suara wulan:),2,0,27.6.3,2023-01-08 07:16:02,,,-1.0
ee25d69c-b613-4110-becf-b58512c1e3a8,Muklis Ibrahim 75,https://play-lh.googleusercontent.com/a/AEdFTp79pYV3nEu5E6DOFdAWYbSK_hDwllkNwO2YRM4r=mo,Iya coba dulu,5,0,27.6.3,2023-01-08 13:23:06,,,1.0
19a6ee26-277f-4edf-8a0e-2e7b489219cf,Riski aulia Nisa,https://play-lh.googleusercontent.com/a/AEdFTp7UtVR6xuxxN0nHcy__eyw8Z2bhaiL4FGis4Us=mo,"ğŸ˜ŒğŸ‘, saya suka aplikasi iniğŸ‘‰ğŸ“±karena video nya seru dan di Mohon sekali ya tiktok jangan ada ngeleh atau bug atau gak filter yg gak bisa di pake itu saja ulasan saya dan terimakasih ğŸ™ğŸ’•, dan knp tik tok saya tidak ada shop nya jadi nya saya kasih bintang 4 aja lahğŸ™„",4,1,27.6.3,2023-01-06 20:57:46,,,1.0
c17aea98-c6f7-425a-8447-2ed16597eec5,Putra alamsyah Rahman,https://play-lh.googleusercontent.com/a/AEdFTp7Y8jJZzKlaH2kLLTuTXY-GxzYTNYrBJQbbOYi1=mo,"Dari Beberapa bulan yang lalu sampai dengan hari ini kenapa video yang muncul di beranda saya selalu campuran. Kenapa tidak sesuai sama riwayat video yang pernah saya like, simpan di akun, dan simpan di galeri hp saya. Mohon diperbaiki lagi sistem rekomendasi video yang muncul di setiap akun tiktok. Terima kasih",1,0,,2023-01-08 03:54:39,,,-1.0
83d66124-b2ad-434d-a290-21ea048819c6,Fandi Dzonk,https://play-lh.googleusercontent.com/a/AEdFTp7EkEdn8YO5v1vv-ODaCMYqGpJ_Ezk_YUtWj4Bq=mo,baguss aplikasi nya good joobb,5,0,,2023-01-07 08:06:55,,,1.0
1edc8902-157c-40b2-b21d-f35fdf33b1a4,Dwi Mega Surya Ningsih,https://play-lh.googleusercontent.com/a/AEdFTp6wd0Xb2oEKJLnHKPy7xnVHxfWbzO-jezUdgpHx=mo,Mntaaappppp,5,0,27.6.3,2023-01-06 19:32:23,,,1.0
1c928ac8-d5d2-4cb6-b01c-636130cf0374,Irfan Syaifullah,https://play-lh.googleusercontent.com/a/AEdFTp4l1VP3jMQcS9oS62UFYk-BXfL4yVscR2y43hNW=mo,Keren,5,0,27.6.3,2023-01-06 19:04:11,,,1.0
08cfe132-173b-4046-84b2-cd95e3554100,ANGGA official,https://play-lh.googleusercontent.com/a-/AD5-WCnT6lwKqHnMg-glcdMIw3O3esBFvmocTSsb6OXC,"Iki apk jembut paling o, wes wayah e nginstal malah sauwi e",1,0,27.6.3,2023-01-07 16:19:44,,,-1.0
0245f060-aa41-4f5b-a1e6-2ae91b41e0be,Dedi Prayoga,https://play-lh.googleusercontent.com/a/AEdFTp5PWsVp9foUfPmxp8FfN6DZPPYvjd3OQHDkue2S=mo,Tik Tok sangat bagus sekali,2,0,,2023-01-08 12:48:06,,,-1.0
d47a2203-298b-4782-9932-57cacd52ff9f,It's Wowici,https://play-lh.googleusercontent.com/a-/AD5-WCmFPg8ylRA9XoWQ5qgXOh4UwjrAIpplFGmx3Hrz,"Fitur search filternya ilang di hpku, padahal di hp yang lain ada semua. Tampilannya pun beda, terbatas banget. Gabisa take photo, cuma bisa video. Udah bikin akun pun sama aja. Install ulang pun sama aja. Please kenapa ini? Udah update padahal",3,0,,2023-01-08 18:18:36,,,0.0
74554f5e-4b76-4df2-b67b-e920f0a36c92,rahmat hidayat,https://play-lh.googleusercontent.com/a/AEdFTp6kJ_lxdckR8ltShsgr-cPYSRV8gz80itWIQWPR=mo,ğŸ‘ğŸ‘ğŸ‘ğŸ‘ğŸ‘ğŸ‘ğŸ‘ğŸ‘ğŸ‘ğŸ‘,5,0,26.9.3,2023-01-06 18:21:24,,,1.0
4550297c-4710-4bbc-a466-1227422c11bb,Asih Purwati,https://play-lh.googleusercontent.com/a-/AD5-WCmh_2Db5_Ft9f6nE9uBlBDeT90nQqc4J8lMZaSB,Bagus saya suka video yang ada di beranda,5,0,27.6.3,2023-01-06 15:39:28,,,1.0
5b393440-207c-46ae-977b-81c065db3ade,Zahra Moza,https://play-lh.googleusercontent.com/a/AEdFTp4Grn6JJGPz16JA0JcEt24u70-EHV180B61uxrp=mo,"Fitur posting ulang ilang2 an terus saya harus unistall apk dl baru bisa kembali tp itu jg galama 15 menit kemudian jg ilang lg,tolong jwb knp",1,0,,2023-01-08 17:30:41,,,-1.0
3f5177b3-1d7c-4c9d-bac4-30a4b4172fe5,Uciq Agus,https://play-lh.googleusercontent.com/a/AEdFTp4xKocwi9BCkfPDG86lKL9HX8a7MNyJJxKX8XrU=mo,Bgus kali,5,0,,2023-01-07 20:46:28,,,1.0
60fa4498-31eb-46f1-8941-02d65ad47037,Zul,https://play-lh.googleusercontent.com/a/AEdFTp6VCDQKDOGw_sP52FyS2ZOeyO0A6cQYzNTxjgkr=mo,Bagus,4,0,27.5.4,2023-01-07 15:52:20,,,1.0
12e09a45-a983-4e2e-9480-f99054446f97,Wahyudi Sri,https://play-lh.googleusercontent.com/a/AEdFTp5chEcgZmKI99SObu1TgsUrEuvAE-V3sXSJv-3u=mo,Apk ini sangat bagus joss ku kasih bintang 5,5,0,22.0.41,2023-01-06 19:57:04,,,1.0
3aa57d0c-ccce-48c9-90cf-d5c43684eb84,Naira Rahman,https://play-lh.googleusercontent.com/a/AEdFTp52JbKAElAH9w536wyYkFPLCTPXdIzk47B29RFN=mo,"Bagus,kren sy suka",5,0,,2023-01-06 18:14:02,,,1.0
174d885b-7b97-4f7b-a382-23d1aa33fe44,Rorid Na,https://play-lh.googleusercontent.com/a/AEdFTp6wls8-QXqxq3XdZoY8Mf8pXVwB-n_PcocGSjn2=mo,Aplikasinya bagus sekali,5,0,27.5.4,2023-01-07 19:14:32,,,1.0
fdb0ff4b-32f5-429d-b0f0-fdd4e779e9cd,Ini Daffa,https://play-lh.googleusercontent.com/a-/AD5-WClNWF30RVG993OhrgwVFkQmFMchej6l0j46FCaQlg,oi gara gara kamu ayangku jadi pengen maem pedes lagi hadehh,1,0,27.6.3,2023-01-06 18:39:21,,,-1.0
bfe48b0c-57a1-4ae4-818e-03f3143f3408,Raffi official,https://play-lh.googleusercontent.com/a-/AD5-WCnHEwHL-ukYAYKqjx9lfMj9PBvho5m-S0f2VMdE,Bagus,5,0,26.4.5,2023-01-08 11:38:25,,,1.0
6407be61-6ae9-438b-a19e-b9868e5fb56f,Hamzah,https://play-lh.googleusercontent.com/a-/AD5-WCkXuJ7icKTD8EXjLS-6rnRTbuH2OGbTENybUa4U1A,Good,1,0,26.6.2,2023-01-07 20:28:45,,,-1.0
b3637da3-600a-4f18-bd32-fba53b8d5a42,Qy gaming,https://play-lh.googleusercontent.com/a-/AD5-WCnUPa1lFln1m0RITI-xsmPubCYH2ibWPCJMOzYH,Bismillahirrahmanirrahim fyp,5,0,27.3.4,2023-01-06 17:32:57,,,1.0
016ea491-b046-49d1-8c65-8f511f3e3fd3,Sukmawati,https://play-lh.googleusercontent.com/a-/AD5-WCmjeADvhC3XmIQ0YzrFP_kemngIHyZvFQjNQnzeJA,"Kenapa setelah di update fitur belanja di tiktok saya tidak ada ya???hanya ada fitur temukan dimenu, Padahal umur saya diatas 20 tahun",3,0,27.7.3,2023-01-08 11:06:57,,,0.0
0390afb4-fa85-496e-a92f-75aa92660f8f,Iqbal Trihariono,https://play-lh.googleusercontent.com/a/AEdFTp7fIzeUJhROUOC70-rmxZ8yGdClXgGfhgVBWR3H=mo,Bijakkkk,5,0,27.6.3,2023-01-07 20:39:24,,,1.0
6c63f0c3-fc2f-41b0-b43c-ecce7fe3d77a,Bayu Muhammad,https://play-lh.googleusercontent.com/a/AEdFTp6vC6KIXGvlJ2fWd007E60Pwd0vuMXbitiRivoo=mo,Ketut,1,0,,2023-01-07 20:01:30,,,-1.0
5ff1c28e-0e81-4c68-accb-b4054f127e0b,Satrio Januadjie,https://play-lh.googleusercontent.com/a/AEdFTp60SsVG-EB1kHV9_NHayc96QzFTCG3R0zzvtw1l=mo,.. . .,5,0,,2023-01-08 14:58:46,,,1.0
52c8dd0d-dba3-48df-8769-ba6448baca03,Sahidu Sahidu,https://play-lh.googleusercontent.com/a/AEdFTp4fJqkuBRG6BI7KkjUh7ZRMpb4DoEGGD8bK51v-=mo,"Apk ny bgs Kren,kita bsa mendapatkan informasi yang terbaru,Terima kasih untuk developer yang udah membuat apk ini Dahh semuanyağŸ’…",5,0,,2023-01-08 09:02:11,,,1.0
a80f116e-a3b8-4ec2-ae9e-7400df2401ee,Nemo Neotech,https://play-lh.googleusercontent.com/a/AEdFTp5OIehNyBlBM91oJqMDfA3FDpQCy8BffyHYQljG=mo,Kenapaaa akun saya di blokir tiba tiba padahal tidak ada pelanggaran dan Baru banyak folowernya langsung di blokir udah 2 kali bikin akun masih di blokir lagi udah ada hadiah gift dadi penonton mau diambil malah di blokir ajg,1,0,27.6.3,2023-01-08 02:38:47,,,-1.0
2d23c2ff-7166-4c45-8fcf-c3818b809f9f,Afin,https://play-lh.googleusercontent.com/a/AEdFTp6IK0ePYJ9E7c9F3oV14EwZNAWpnMp9dJarqBm3=mo,Hai tiktok nomor hp dan email saya sudah tidak aktif saya tidak bisa masuk mohon bantuan nya,5,0,27.7.3,2023-01-07 08:52:52,,,1.0
bbf8e2a7-524a-41d1-a84a-95828fde7abd,Apehung 4321,https://play-lh.googleusercontent.com/a/AEdFTp6FOCM9Cw7hmiiUQ1RLEeqUn_b-8fcXn1xE6CEr=mo,Sangat tidak menyenangkan,2,0,26.6.4,2023-01-08 07:40:33,,,-1.0
e5e0e9c0-bd75-490a-9104-a50251ca96f4,Atala Bagasherlino,https://play-lh.googleusercontent.com/a/AEdFTp4aWYsh1ccSlY4VeC3m1Enz6AgGZ0C-gqI_RFxj=mo,Dr,5,0,27.6.3,2023-01-07 20:23:25,,,1.0
3c927815-dff4-46ef-9c80-4dbcc71b9bd3,Taufik Hidayat,https://play-lh.googleusercontent.com/a/AEdFTp58I1Md7bApSjb8eScw6cqXsB7jMVzcW-V3Wy4E=mo,Keren,5,0,,2023-01-07 08:55:16,,,1.0
312ebf16-dfe4-4951-a26d-3895b781aad4,FujaAnggraeni 25,https://play-lh.googleusercontent.com/a-/AD5-WCnbvapkcW9HSZESD_shJCyaRHJ1MACEgcy9j1LX,Mantap,4,0,27.2.4,2023-01-07 08:24:22,,,1.0
3c927815-dff4-46ef-9c80-4dbcc71b9bd3,Taufik Hidayat,https://play-lh.googleusercontent.com/a/AEdFTp58I1Md7bApSjb8eScw6cqXsB7jMVzcW-V3Wy4E=mo,Keren,5,0,,2023-01-07 08:55:16,,,1.0
09c6e6ef-c196-4614-a1e5-cfe94fb48440,Ahbab Babon,https://play-lh.googleusercontent.com/a/AEdFTp4ATqH-lhrtIZRxpuwkQsk92DrIO7c93Iq1hc4=mo,Kenapa sih tik tok tidak bisa di download padahal aku pengen banget,1,0,,2023-01-07 16:22:22,,,-1.0
062ebdb4-11e6-4b07-9154-9763105b1372,Sriwulan Dari,https://play-lh.googleusercontent.com/a/AEdFTp6lw7JGOjn2pK4RrFUjKKiA0KJVFN72jl4k6E0P=mo,Baik,5,0,27.6.3,2023-01-08 11:03:23,,,1.0
f13542cf-0842-452e-afd7-10df4a4f002c,Kana Ya,https://play-lh.googleusercontent.com/a/AEdFTp79VNa5y1NDliCJTvva2-3_tQKOsHiajAck9lBU=mo,Kok gk bisa donwload?,5,0,,2023-01-08 07:39:22,,,1.0
77a2b41c-0ada-4c59-8ae0-6d07fb5254d5,Baharuddin Ji,https://play-lh.googleusercontent.com/a/AEdFTp6XOVguX7seEkFDLY7VnvxjIqU4uS5IWaPSTFqn=mo,ğŸ—¿,1,0,,2023-01-08 10:41:26,,,-1.0
7a902861-8422-410d-8e45-7fde26d005b7,watini tini,https://play-lh.googleusercontent.com/a/AEdFTp66DU0GzsiCueHpf3d0LkDRyqavC8znLE7hkVtG=mo,Bagus..mudah2an kedepanya lebih baik,5,0,25.0.42,2023-01-06 17:20:05,,,1.0
7910edbb-9469-48fb-a739-a488a96e4cba,Aqila Adellia,https://play-lh.googleusercontent.com/a/AEdFTp4U8ILV4LUZiHf4XzIHdUghL0zzdnotZjBPKfK-=mo,Kok saya tidak bisa mengakun tiktok saya!!!,1,0,27.6.3,2023-01-06 18:34:48,,,-1.0
9fc2dfa9-73fa-4621-b5e1-6035522bcdd8,Naya Naya,https://play-lh.googleusercontent.com/a/AEdFTp5Mjl3ooFaiOILNeZ05ZabIqVE0zwz1UhWZ0U1s=mo,Kok sekarang fitur pembayaran akulaku gak muncul di TikTok shop ya??? Tolong di jawab,1,0,27.1.3,2023-01-07 06:32:15,,,-1.0
f37ec6d4-d17f-4db2-b73e-358409436b55,Herry Gunsay,https://play-lh.googleusercontent.com/a/AEdFTp7RMVVv2368FAT2kpXfu4Q_iP96k1ZbIMBONlBN=mo,Sempurna,5,0,27.6.3,2023-01-07 10:24:19,,,1.0
c2f47d9d-f1c3-4f5b-8c28-1b396e3a67af,Nani Suryani,https://play-lh.googleusercontent.com/a/AEdFTp5_k_crSHv-oCDm0WxlPhwqGE1Z_QRobSDeiKb1=mo,Aplikasi nya the best banget pokoknya ğŸ˜‰ğŸ˜‰ğŸ˜‰,5,0,,2023-01-07 17:37:56,,,1.0
2e02370e-25bc-4d26-8f86-89eaf006d02e,Merrys'ka St,https://play-lh.googleusercontent.com/a-/AD5-WClDVm5ByJfKAyghCX4spaTEIcopHJ4imi9z3NEalw,Keren,5,0,,2023-01-08 12:43:52,,,1.0
1673243d-f721-46ba-ac0a-8037182eecd2,Kiky Kagura,https://play-lh.googleusercontent.com/a-/AD5-WClsNKleKDCz3q41q9BAptZrMBJUUyR8y8OaOd-j,Sekarang udah g bisa siapa aja yg sudah liat vt kita....setelah di update,5,0,27.7.2,2023-01-07 11:31:20,,,1.0
3aa0369c-2b88-475c-80d7-79b13f4799f6,Muhammad Fattih,https://play-lh.googleusercontent.com/a-/AD5-WCml-ZAJYRkmV5e40SfEaHZiuFyhZVebSfUMoecm,Bagus doang,5,0,27.4.3,2023-01-08 13:35:53,,,1.0
bb2ad53f-e116-4936-a250-9d487847ad6b,Asmaul Roji,https://play-lh.googleusercontent.com/a/AEdFTp6QUaiCaQX5pzuwv1XwcboFQ3D8GaNXHJk6zHpi=mo,Saya baru sudah download sudah paling suka,5,0,,2023-01-08 17:14:35,,,1.0
e1b47e7c-d0d1-491b-b8d2-14e44a4521c3,Oki Hermawan,https://play-lh.googleusercontent.com/a-/AD5-WCl8i_UzTcQt7jXsou7HQCJrdtWj581SmQjna5fL,Sangat bagus dan relevan.. Walaupun sedikit ngelage,5,0,27.1.3,2023-01-06 18:36:08,,,1.0
b73fa217-ad31-4b0d-8b30-958f36df2829,Celuler Po,https://play-lh.googleusercontent.com/a/AEdFTp7kQKRGwE6RAyA9QMMOVV0504sHDFbJMvJbIrol=mo,Bagus banget tiktoknya apalagai folowwers nya aja banyak dan pokoknya kalian harus donglot ya Makasih,5,0,23.6.4,2023-01-06 13:44:05,,,1.0
2f936e7a-53f6-44d6-8586-5fd80796e169,Kasna Lie,https://play-lh.googleusercontent.com/a/AEdFTp4kTHe5JwTWROwNAkD0Frel8_-HtBqEM6biJqEw=mo,"Aplikasi nya bagus tp.gk sebagus dlu sekarang radaÂ² ngeleg terus keluar sendiri tp gpp aku tetep suka ko,tp tolong perbaik ki yah oky terimaksih yah atas hiburannya karena bagus jadi aku kasih bintang 5 yah babay",5,0,,2023-01-06 15:53:43,,,1.0
2374f5dd-29f7-47b4-aa7c-e29c863e4612,PT Bumi Intan Bercahaya,https://play-lh.googleusercontent.com/a-/AD5-WCmTEy1c7xNgZoEKv_jxgXM3U-KpC90ljWW9e6emUA,Ok,5,0,27.7.3,2023-01-08 05:51:13,,,1.0
fcc56f4b-929a-4d70-a223-8650b6845215,Aja Hidir,https://play-lh.googleusercontent.com/a/AEdFTp4n-veI00sfvf78C7Vvi2GHSLNsoXJ0UmJa24pM=mo,No comen,4,0,,2023-01-06 17:02:11,,,1.0
e80a6140-f651-4799-9191-817d81ef670b,PINTU HATI,https://play-lh.googleusercontent.com/a-/AD5-WCnio_O7eFn7R0-tScaNL2Ts03-Gs8OqWwjYx9Mu,Bisa menambah persahabatan,5,0,27.3.4,2023-01-08 00:53:09,,,1.0
b7cb939f-738e-4cd7-9f1f-68981185d352,Afni Ritonga,https://play-lh.googleusercontent.com/a/AEdFTp5vF00J6XL7vKTirhYXLZBZHu8W3uUKdhJaNLUQ=mo,Wah apk nya bagus bat,5,0,,2023-01-08 16:58:13,,,1.0
a65efa73-62fe-434e-9d10-7d9b57d539e5,Maruf Fast,https://play-lh.googleusercontent.com/a/AEdFTp42MkZrOBnnzqpwnSweuq86OmETmbTZvo0NG1HA=mo,Asu tik tok,1,0,,2023-01-08 05:19:38,,,-1.0
1e1bf209-c777-49aa-a80b-00e6626703ff,Dede Anwar,https://play-lh.googleusercontent.com/a/AEdFTp5fvUAjVk6jVhkjQbJy9IBrdKUdNfVo3ZvDgjEM=mo,APLk.nya bagus kok suka bgtt,5,0,,2023-01-08 10:11:32,,,1.0
31234b42-3724-46d7-8e28-d551e778bc4a,Jeck Kiet,https://play-lh.googleusercontent.com/a-/AD5-WCkzrmHRUF-xcTEGzAM8BUWU2RpiQ8enveMIEc1E,Bagus skali,5,0,27.6.3,2023-01-06 22:13:26,,,1.0
4481d910-a392-40c9-bb7e-ca22f72d65e4,Gnwnxcoustik,https://play-lh.googleusercontent.com/a-/AD5-WCmP1O3D6oxBOofgeuaAAYqqYWpg-oR1clGzwBnDIg,"Akun saya terkunci tidak tau alasannya, tolong dibantu untuk proses akunnya Ussername : snapstorywa_",2,0,27.6.3,2023-01-07 05:12:26,,,-1.0
f1bb23ea-c534-448c-9b6f-f05c3f0f814d,Memet cs.,https://play-lh.googleusercontent.com/a-/AD5-WCkaiNfIIYNCK7e8zphH_1kzrGtEv9Y__vRU-niS,"IM SORRY MY ENGLISH IS SO BAD, BUT IN MY COUNTRY INDONESIA HAVE MANY CADGER, OLD LADY, OLD PEOPLE SUBMARGED FOR DONATION, IM SO PITY FOR HER. PLEASE REPORT THIS TIKTOKERS",1,0,,2023-01-06 19:58:53,,,-1.0
240efa7c-9912-4f93-8eeb-efb2af845d17,Hartanto,https://play-lh.googleusercontent.com/a/AEdFTp6VSRFf9vHQ7U3UHeRRO7XmkTqJQiLuXfasmVqm=mo,Lanjut,1,0,25.1.3,2023-01-06 21:59:42,,,-1.0
d02f18c7-071c-4c11-bbe7-b8a76e85d939,Farhan Ahmad,https://play-lh.googleusercontent.com/a/AEdFTp6YDTvmHrkA15q8m7g0hVCtnOl311DUvSfoctw=mo,"Akun saya ditangguhkan padahal tidak menyalahi aturan, bukan hanya ditangguhkan tapi perangkat saya juga di tangguhkan sampai saya tidak bisa masuk atau daftar kembali bahkan hanya melihat vidio saja tidak bisa...terimakasih tiktok buat 3tahunnya saatnya uninstall",1,0,,2023-01-06 21:52:46,,,-1.0
18612f7c-4422-4ab7-a3b1-68b11e5f6240,Haycal IQbal,https://play-lh.googleusercontent.com/a/AEdFTp7JfNchsNnR2Y0Ptvz6mebQ0e_bzyzSa88E9-M5=mo,Saya kasih bintang 2 karena pas saya. Download tiba tiba disuruh instal lagi,2,0,,2023-01-07 09:51:51,,,-1.0
ce2ea6b5-da57-44c2-bbb8-f5cd32e1848b,Yunita Retno,https://play-lh.googleusercontent.com/a/AEdFTp6jR13BAgk7209kw5i5b0XXf320gocXbGyLqlln=mo,ğŸ–¤ğŸ–¤ğŸ™ƒğŸ™ƒğŸ¤—,5,0,25.7.7,2023-01-07 09:40:24,,,1.0
17610d89-1e97-4f21-ab43-56a4e82ff749,Firman 4931,https://play-lh.googleusercontent.com/a-/AD5-WCn4J7vrPeWkkVHZU9ztkYvXPXhUMNyXEegPbahL,Seru dan menarik,5,0,23.7.3,2023-01-06 17:36:45,,,1.0
9f0c26c0-47ee-4391-8fed-804b75b47920,Umi Pawestri,https://play-lh.googleusercontent.com/a/AEdFTp78QM0T160yjFEMpCLz5z1KdInjPQRP4ev7Nnzi=mo,Bagus,5,0,,2023-01-08 16:37:25,,,1.0
712afe99-afb2-4850-bc2e-ad1c0d1c965e,Azril Hungkul,https://play-lh.googleusercontent.com/a/AEdFTp5saX9O481q7VloN2W0Yoixp91627lTTzyoJFWs=mo,Download nya lama kali dan juga banyak bug sesudah di update,1,0,,2023-01-07 11:29:38,,,-1.0
c12d59fe-34df-4256-bfd9-7bcebc7f4501,Hendri Delfia,https://play-lh.googleusercontent.com/a/AEdFTp4qjicqfduTNPhXXqDRhArDMhosTclfTaQHytuf=mo,Ok,5,0,27.6.3,2023-01-06 16:46:02,,,1.0
e3664792-d3ba-478e-bd02-c8ed94bfeae1,Jendela Informasi,https://play-lh.googleusercontent.com/a-/AD5-WClSkHnqA_UHywCeA8ePxtzsZ_TJBos8iu4LsU7-,Mantappp,5,0,,2023-01-07 17:51:02,,,1.0
7c0b2648-49e5-4ba3-8177-887c3e160218,fara satoru,https://play-lh.googleusercontent.com/a/AEdFTp6qEi30LZxtyT-bt028atb1Eid4HGOkCuV1167y=mo,kok gabisa liat video yg direpost lagi sih???? aku kan mw kepoin cowoku,1,0,27.6.3,2023-01-07 17:54:45,,,-1.0
82e0879e-f839-415b-a1cb-5feac47265e2,Lutfiani Salsabilla Azzahra,https://play-lh.googleusercontent.com/a-/AD5-WCmRugCbKAg6Igf2lPAsCHYwn5w8WA4NXf9JYNre6w,Tolong saya mau ganti tahun tanggal lahir kok gak bisa ya,4,0,27.4.4,2023-01-06 21:48:16,,,1.0
a89f8e2f-9509-4d40-ac31-adf7d8c050f1,Kaifah Kaifah,https://play-lh.googleusercontent.com/a/AEdFTp6CbIrE5lYxf7wTgEPdUodZgS_frqPRsne_CZOV=mo,Kkak,2,0,27.4.5,2023-01-07 16:51:13,,,-1.0
f13542cf-0842-452e-afd7-10df4a4f002c,Kana Ya,https://play-lh.googleusercontent.com/a/AEdFTp79VNa5y1NDliCJTvva2-3_tQKOsHiajAck9lBU=mo,Kok gk bisa donwload?,5,0,,2023-01-08 07:39:22,,,1.0
e52d757c-abce-4f0c-b379-c46e6669f866,febe maloali,https://play-lh.googleusercontent.com/a-/AD5-WClaKFuUpE1lFVNUuSiIUqQOJk-i3D7YTLGqLozkIg,Dah baik,4,0,,2023-01-07 18:33:24,,,1.0
7001ca53-58ab-4951-b798-709cf2d606db,andira pradifta,https://play-lh.googleusercontent.com/a-/AD5-WClWgTbNvVAoww2MxLr7h1U9006HTwQGPBnWfkp39w,tidak dapat menggunakan fitur terbaru seperti fitur stories,2,0,27.5.4,2023-01-06 22:54:58,,,-1.0
050335a1-e598-4d05-84fe-f0ae78c280f7,Azril_ Ml,https://play-lh.googleusercontent.com/a-/AD5-WClzG71wKaTjQngfDag8dOgSgLOwt0mOvk4qDYFa,good,5,0,24.9.3,2023-01-08 14:20:39,,,1.0
486c1c0e-3020-4bab-a18e-e5c4e18c45e5,Okta Priskila,https://play-lh.googleusercontent.com/a-/AD5-WCmPV-SjtB-YSTQTjNEPGtrseXCyQPnBNHQ9BTahdw,"Developer update fitur kayak di aplikasi sebelah dong,kalo habis bikin story setelah itu story nya bisa di jadiin highlight (sorotan) biar tiktok makin keceee..",4,0,27.3.4,2023-01-07 07:48:36,,,1.0
ca5790ef-49d2-452d-b4df-ae1554627ae0,Yie Destra,https://play-lh.googleusercontent.com/a/AEdFTp5eBudgNZmydzk4eVAY2duJK_RrDchBccnYcLqA=mo,ğŸ‘ğŸ‘ğŸ‘ğŸ‘ğŸ‘,5,0,27.2.5,2023-01-07 17:48:00,,,1.0
dc42869c-2244-4a51-8ad0-f01795de2f96,RaveLNix,https://play-lh.googleusercontent.com/a-/AD5-WCl0VsrUfdZa1OZIZU1td2zC9HAXD1oqZAgDVU9gEA,Sudah saatnya kampanye bintang 1,1,0,24.7.5,2023-01-08 14:27:07,,,-1.0
3adb1740-448c-49e6-ad3f-6819f5be9e6d,Aslam Ahmad (amichef),https://play-lh.googleusercontent.com/a-/AD5-WCn3qo3g3vxdOVf6EO7QmlPbegNs2ChMO4nTiUF7,Selama ini cari hiburan utk menyalurkan hoby..baru ketemu...TikTok...lah kita utk menyalurkan hoby..cukup di TikTok tak perlu yg lain.,5,0,27.6.1,2023-01-06 22:56:52,,,1.0
cbc5191b-d9c1-4798-87a9-b8180355d5c9,Farisarkan Saputra,https://play-lh.googleusercontent.com/a/AEdFTp6GoP-isuv2Kc8et7f8SMNMm-ZpiibGu8iVp03n=mo,Ko ga ada logo capcut di tiktok nya mohon di perbaiki,1,0,27.6.3,2023-01-06 21:02:05,,,-1.0
eef6bebc-1658-48e4-a832-cdaf4f9f0df4,Mumtazulfikri88 Mumtazul,https://play-lh.googleusercontent.com/a/AEdFTp4-HKS146Cl3HGfhZ1K0ywHU_Q3Tt_BqECbgI1y=mo,Sangat bagus tik tok,4,0,,2023-01-08 02:23:31,,,1.0
84f27e40-5566-4c5b-b926-7dfc1401c1ca,pipih kurniati,https://play-lh.googleusercontent.com/a-/AD5-WCnkWyt9MKdfwd9RgrQwv6JyypfLgZcdOfcTz0OuVm4,Apk yg sangat bagus,5,0,26.8.4,2023-01-07 20:14:58,,,1.0
4dd1cd25-0176-4d2b-917e-ab1ae36f3ee6,AJN 21 Gaming,https://play-lh.googleusercontent.com/a-/AD5-WCk0IUraaNPhhJhxwyqFxP6XjzVZOU8LDe29TPG9Kw,Wow,5,0,,2023-01-07 17:32:24,,,1.0
4339e532-5245-4594-87a1-fbda50cbe921,Juan Dwisaputra,https://play-lh.googleusercontent.com/a/AEdFTp5sJ83zXkyPzH-IvB74tnLCsQVBpXAbsPeMfqbt=mo,"halo min kenapa fitur teratas saya tidak ada min,tolong bantu min jadi saya susah buat cari video nya",2,0,27.4.5,2023-01-08 17:02:31,,,-1.0
89327e3b-5e00-4e73-be0a-097e0433d8c6,dionysius oki,https://play-lh.googleusercontent.com/a-/AD5-WCkFAMbucprZEe6PvVn9kJFQ8S5RyJNhFILf9dJY,Maraknya pengemis online,1,0,,2023-01-07 01:38:19,,,-1.0
1f071006-22d3-4f54-9252-ec24dee93e62,Didin Nasrudin,https://play-lh.googleusercontent.com/a-/AD5-WCmI-eAiUdMi84bH--fqis_QfNN8ElXnkwkfGqEKzg,Buat developer untuk update selanjutnya tiktok kasih fitur mode gelap nya dong,4,0,26.9.3,2023-01-07 19:23:44,,,1.0
db249506-a96c-401c-b48d-1d21846e7059,Lisa Mahajadni,https://play-lh.googleusercontent.com/a/AEdFTp7Fklca1iDWqp823tPegZce_x35KXtmPPwMtiff=mo,Sangat bagus,5,0,,2023-01-06 13:00:06,,,1.0
f069c194-566d-49a6-98fe-825583b936e1,Fatar Azwar,https://play-lh.googleusercontent.com/a/AEdFTp6_gszIvYg2W7Llt320BJzLB49Ln54DnGqwhVH7=mo,Odep,4,0,,2023-01-07 14:29:15,,,1.0
1933f600-8bc8-4058-a11f-434c24ec50fb,Redmi6 Abc,https://play-lh.googleusercontent.com/a/AEdFTp6cF0hDYTRq2uAQH19PT-2EOKsKbzjhyyHF9Vra=mo,Sangat keren,5,0,,2023-01-06 21:22:22,,,1.0
d4dc6531-2310-41ef-9769-d75cbfe7138e,Alikha Nayla,https://play-lh.googleusercontent.com/a/AEdFTp4Gs_1w_c-_-UWoiZLNytUdSmj8L_m8I5bLAe24=mo,"Bagus sih tapi suka ada filter yang gak lengkap,gak bisa komen follow,yaudah segitu aja",5,0,,2023-01-08 13:21:37,,,1.0
75357fbc-81b1-416f-9d18-b637610152c0,Rizal Buamonabot,https://play-lh.googleusercontent.com/a-/AD5-WClnHTOKfsZILZqz_VSMgMfCIhf7tWWKdZwIZlEu_A,Mantaaap,5,0,27.6.3,2023-01-07 08:12:10,,,1.0
09f3e676-5762-438d-b6ad-f2375f590c08,Dika Slamet,https://play-lh.googleusercontent.com/a/AEdFTp63gcc31QAJ6dhQPcS4_7L84Ji4nk_Hqsv77glv=mo,Makin di update bukan makin bagus makin kyk gini laggg trusssss fiturr ilanggg wihh gg yaaa!!!! Jelek nama tt sekarang ğŸ¤¬,1,0,27.6.3,2023-01-07 06:46:02,,,-1.0
33087fa5-62d3-4a1b-977e-b02fea5c0be8,Asmirada adasmirada Asmirandah,https://play-lh.googleusercontent.com/a-/AD5-WCl45FZ6v_EinzsoWWRsUOgTC91PfHBWXtCxZxD-SQ,ini tiktok harus diperbaruiğŸ˜’,1,0,,2023-01-08 11:09:28,,,-1.0
54180647-5e2d-418f-af73-3c141d51a6b9,Kutay Masmelow,https://play-lh.googleusercontent.com/a-/AD5-WCnvas3AyzZXwy0K0R7277YV4fCSb-683WafpuKM,Yah siapa sih yang ga ngasih bintang lima kw tiktok,5,0,,2023-01-07 21:53:59,,,1.0
18e142e9-b5d1-4f6f-a2d7-e86b2d45a27b,Marwah Nurul Fatimah,https://play-lh.googleusercontent.com/a-/AD5-WClKlcQh7lOLUFHpOATnpn8IuepsVQhDAKMEAJY5,Dengan Bintang 5 Semoga Bermanfaat.,5,0,,2023-01-07 22:35:27,,,1.0
b958dfc0-661e-4cc3-8bad-9e2a6918abb3,Chamel Tolip,https://play-lh.googleusercontent.com/a/AEdFTp4lMjvMlQonh6jsLqQSMHpcDGTaMXoaKm8de_RE=mo,Asik,5,0,27.2.5,2023-01-06 13:54:01,,,1.0
6580247a-d8af-4c05-8223-49c42f298bb8,Johan Jpr,https://play-lh.googleusercontent.com/a/AEdFTp4R9cFel-gSYOjEzguI_ze8fA7RiMIBgTcKz0cA=mo,Dikira elit teryata sulit,1,0,,2023-01-06 15:19:52,,,-1.0
a3ee2031-83c1-4bbb-a321-0a979f625b7c,Hadziq Hamthoya,https://play-lh.googleusercontent.com/a/AEdFTp5Me7fRxI4nasTtCGENXBPqvTNfwj0hbFoxF9o7=mo,"Recomend banget buat kalian yang pingin eksis di dunia maya atau buat kaum rebahan yang suka gabut, di dalam nya banyak fitur fitur buat shooping,efek vidio,efek suara, search apa yang lagi kalian cari ,, cuman yang saya kurang suka kenapa harus ada fitur shadow ban? Itu membuat viwers saya makin turun",4,0,27.6.3,2023-01-07 20:04:28,,,1.0
d344200e-dea2-420a-b9cc-28e7e80a734b,Key Abdilah,https://play-lh.googleusercontent.com/a-/AD5-WCn-rjST83DqkbAqMvl5uWHpF5nDQS4F5I6yuEnCyA,Aplikasi bagus semoga bisa berkembang lebik lagi,5,0,,2023-01-07 02:58:37,,,1.0
cc8946de-b2c2-4dbf-a596-5da7b119f6c3,Mauluddin,https://play-lh.googleusercontent.com/a/AEdFTp6QUCyzulRvwlmGezL5e5X7QDlTnT37ligPpNOz=mo,QwQ w rareopqwa,5,0,27.6.3,2023-01-07 07:24:28,,,1.0
f6f60d94-99c6-49ca-ab63-e10b78ca38f1,MCPE ID.,https://play-lh.googleusercontent.com/a-/AD5-WClQhEUVyUl3GjVm8Kl1ghei2mTA5PG9wRWOorpcFQ,Sempurna,5,0,25.5.4,2023-01-07 13:17:07,,,1.0
1dd3a3b6-71e9-45c4-8f80-46808fb9afae,Naufal Hasyid,https://play-lh.googleusercontent.com/a/AEdFTp7IaZHDNqJ-28bHp9q3AqYjw5saAr5c38xDIO_z=mo,Sangat fositif banget,5,0,20.8.3,2023-01-07 09:15:17,,,1.0
8176d3d1-2446-452d-99c6-7ca2595aff88,Hafidz ahmad,https://play-lh.googleusercontent.com/a/AEdFTp6vsSpDOhKu-eTezv_34Ev7SWjBEEnxeZaXQWSL=mo,Keren,5,0,27.5.4,2023-01-07 05:00:29,,,1.0
5d50c090-57bd-437f-ba6d-9f3a119a7e51,Sandi nation08,https://play-lh.googleusercontent.com/a-/AD5-WCliDZ1Vn2sJBZcuA5GWTQjI8R5SDRHK2vaoUQvl,"Tolong dong pihak tiktok ini kenapa banyak bangett masalah dari force close terus, terus akun saya gabisa login padahal itu akun yang biasa saya pakai.... tolong dong tanggapannya",1,0,,2023-01-07 07:31:10,,,-1.0
c60da05c-7137-49ec-a40a-7c761a412c69,Ajka Nugraha,https://play-lh.googleusercontent.com/a/AEdFTp7hAH0Rzbq2v2Am9tsaXIKJlN4qZN_bW4xf0StF=mo,Knp gk bisa download apk ini,5,0,,2023-01-08 01:49:24,,,1.0
dbff5b49-9d2c-42c1-bb87-61685a2b8a3b,Ridwan Malik,https://play-lh.googleusercontent.com/a/AEdFTp6Atla-aj6ju-SpiRjnipJIel_nB8PHZ0fcbF0Q=mo,Sangat bagus buat iseng,5,0,,2023-01-06 19:19:21,,,1.0
98167a29-cdfd-435c-b25a-f0d40af5d186,Samy Samy,https://play-lh.googleusercontent.com/a-/AD5-WCmhp4iQ3N69XTTm3nvoZabKK1vFRBOgpsPSx1cGPQ,ğŸ‘ğŸ»ğŸ‘ğŸ»ğŸ‘ğŸ»,5,0,27.6.3,2023-01-08 14:42:20,,,1.0
34321901-99cb-4b2b-988d-db8f22e46216,APRY ANDI,https://play-lh.googleusercontent.com/a/AEdFTp4Y_zV_x4A08DoYAK6Mf9Sbzqd0-rKaxSVsaIrK=mo,Cukup menghibur,5,0,27.4.5,2023-01-06 23:38:18,,,1.0
a65efa73-62fe-434e-9d10-7d9b57d539e5,Maruf Fast,https://play-lh.googleusercontent.com/a/AEdFTp42MkZrOBnnzqpwnSweuq86OmETmbTZvo0NG1HA=mo,Asu tik tok,1,0,,2023-01-08 05:19:38,,,-1.0
cf55e2e5-6f51-403b-be5f-9b1563b45f23,Nabila Mukhtar,https://play-lh.googleusercontent.com/a/AEdFTp7NozimGbnccZWFg_aIHdvdZV-CznlsWWSGbYvi=mo,Tik tok ny langsung gak bisa di bukaa,1,0,,2023-01-08 08:56:23,,,-1.0
34611b33-6945-4964-bcf4-e97972cd451f,Budi Anduk,https://play-lh.googleusercontent.com/a/AEdFTp5NrwcxRHUvUxqmmyiz5KsRb_5XIYR3CSbBKK1P=mo,(â  â â—œâ â€¿â â—â  â )â â™¡ tnks buat 10.0k followers nya,2,0,,2023-01-06 12:59:32,,,-1.0
647c4bff-eab0-428e-8068-20f97876c1ac,Lutfi Upi,https://play-lh.googleusercontent.com/a/AEdFTp7bQYerJ6tiSQbitsjAvYsI83EUmVrpLuYo0-wB=mo,Kak kok udh di update tapi kok gk ada efek suara wulan:),2,0,27.6.3,2023-01-08 07:16:02,,,-1.0
f30880f8-5b66-4882-b8b7-3f67144babc5,Zadrak mesak Ratu djara,https://play-lh.googleusercontent.com/a-/AD5-WCl2RqfH0DZ7zwPCILFbqWNKTV3GkFqpSus0MMFtfQ,TIKTOK GUE PAS APLOD VIDIO GAK FYP STUK TERUS DI NOL NAMA TIKTOK GUA FENSPORTUGAL11 GAK TENAR KE DULU MAKIN HARI MAKIN EROR NOTIFIKASI AJA GAK DI BERI TAHU,1,0,27.3.4,2023-01-06 20:00:11,,,-1.0
3cdcefbb-599a-46f4-befb-623d2f3894c0,itz khansa,https://play-lh.googleusercontent.com/a-/AD5-WCnWk7ARt3gSuSHJHI3pAek-zbf6esrMEKsrB9Zi-A,"Saya sangat kecewa,Tik Tok ban akun yang tidak bersalah Malah yang tidak pantas di lihat tidak di ban. Saya sangat kecewa. Terima kasih.",1,1,25.6.4,2023-01-08 13:48:04,,,-1.0
beb9f0b3-74fd-450b-9bcd-015556e9d513,Dila Vebians,https://play-lh.googleusercontent.com/a/AEdFTp6S1veXZWxe__7OrEiI1lrvQbyIH44fXpacxkOi=mo,Baik,5,0,27.6.3,2023-01-06 15:30:12,,,1.0
d90f8734-5794-4d13-b17d-5849c7dcfc8b,Yoyo Sutaryo,https://play-lh.googleusercontent.com/a/AEdFTp6-Gic2yBZnRVQaZ91fxhBLTB0mIB-zZhGBY7Bd=mo,Bagus,5,0,,2023-01-06 14:01:59,,,1.0
b0ee0c0d-6f11-49f1-b3df-0182c75a60c2,Agung Putra Wijaya,https://play-lh.googleusercontent.com/a/AEdFTp73MXkYakHFI_0PI5ZVbfmTjeFddPRX5elxf8g_=mo,Mtp,5,0,26.9.3,2023-01-07 22:29:32,,,1.0
21cbd89c-51a2-4fab-9bfb-dc65502f95d3,umi mahmudah,https://play-lh.googleusercontent.com/a/AEdFTp4MGBTpKCRg0bOqrmqj1BxWy-Qw06_8e5tDpONo=mo,Ok mantap,5,0,,2023-01-07 18:19:41,,,1.0
a7672f3b-a145-4ded-b765-4a75bcbf9c36,Dolistton Jambi,https://play-lh.googleusercontent.com/a/AEdFTp47aPJB6_g3RAqTX0S916kLckbtRUZiiNETNHp_=mo,Sangat menghibur,5,0,27.7.2,2023-01-07 15:41:46,,,1.0
8927c5ef-5902-4727-8fb1-fa58a2ec43fe,Edi roller,https://play-lh.googleusercontent.com/a-/AD5-WCllxJxdZZdyNT8iDsr83e4dx7wie_txmGk5S8b_,App cukup bagus tapi saya belom bisa menginstal nya,5,0,,2023-01-08 09:52:32,,,1.0
c6120ca5-2a84-40be-8e92-91ce5d5f3a3f,Ellzha Saputri,https://play-lh.googleusercontent.com/a/AEdFTp4CRWfpGD9qC-J9VlQekmY49oTUI7k6TM6l8rSK=mo,App yang baguss,5,0,,2023-01-06 13:10:32,,,1.0
5f5006ba-6866-46e4-9b57-458c036eb940,Rahmi Arbi,https://play-lh.googleusercontent.com/a/AEdFTp4B83HIiDcO4MvRkgxqr4Jrdo_XdxaK96wSR2y9=mo,Maaf kata kata saya yang sebelumnya ğŸ™ğŸ»,5,0,,2023-01-07 17:35:23,,,1.0
8e432cf1-cb2e-4589-94c3-49ca2766a09a,Hatake Kakashi,https://play-lh.googleusercontent.com/a-/AD5-WCkassCvnt11s4TfAy9NBwG7WsBKb8C65ieoUiBk6g,Tambahkan jumlah troli/keranjang belanjaanğŸ™ğŸ™,5,0,27.1.3,2023-01-06 19:30:20,,,1.0
fc621537-bd8a-4489-aa78-d942780145c2,Dede Ilham,https://play-lh.googleusercontent.com/a/AEdFTp6lcAmQ_0Zo_SxFXLKa-AYAkY3HTW5axgronaqs=mo,Bagus,5,0,,2023-01-07 19:35:30,,,1.0
40066789-d69b-4862-b6ea-31a85632883a,Christiano Katiandago,https://play-lh.googleusercontent.com/a/AEdFTp4I-dMomOhDs5PCPPwxnr6AlfL9b1_QC9auTAfY=mo,Bagus bangettt tapi di andro kok gk ada suara wulan???????????????,5,0,27.5.4,2023-01-06 22:02:48,,,1.0
6bfe3cfe-31d7-4918-b5bc-bbd158320e30,Wiend'z Haryono,https://play-lh.googleusercontent.com/a-/AD5-WCm-VToLgEQqrzzcltdnMNlNmlGb7_-jYdhhwhF7SQ,Ok,5,0,27.6.3,2023-01-07 17:16:23,,,1.0
5db5f5cf-52a6-4fcd-987b-6bb5cb9cd4a3,Djulfisal Kubangun,https://play-lh.googleusercontent.com/a-/AD5-WClOunsmdCeBOyJsupNCbwiDf9Bz9wJbfvZBvPFI5w,Sangat memuaskan,5,0,27.6.3,2023-01-07 14:23:37,,,1.0
42804940-fc88-4e29-8745-88b6f45e8eb1,niko bahagia,https://play-lh.googleusercontent.com/a/AEdFTp7m9Hv2uNWUnq4yMpe87HJgoGiX0FgDZiMloZ6A=mo,Klo kalian dowlot ini kalian bakalan nyesel ğŸ˜¡ğŸ˜¡,1,0,27.6.3,2023-01-08 03:07:13,,,-1.0
2ac15ad9-7408-458f-b379-faa0519aaa87,Rhaditya arkan,https://play-lh.googleusercontent.com/a-/AD5-WCkKvZ8BDpX6_lnnbW1WqMS6s8nZloe-YR5tOKfElA,"Menurut gw aplikasi nya gk bagus, setelah update bukan makin bagus tapi malah banyak bug, padahal kuota bagus"" aja, tapi kok ngelag Mulu, sinyal pull, aneh, tolong di perbaiki.",1,0,25.0.42,2023-01-07 16:17:03,,,-1.0
7254dbeb-5a94-4b82-840c-6d2cbe6e240d,Shera Aprilia,https://play-lh.googleusercontent.com/a/AEdFTp7q6Ii4c5ByOEa6SzxZxuZ23n8CoGAA7wh0Qi3H=mo,Aplikasi nya bagus banyak fitur fitur yang bagus,5,0,,2023-01-07 13:09:20,,,1.0
e877e8f8-6b86-456d-bdd6-cbd29d28227c,Sari Marliyani,https://play-lh.googleusercontent.com/a/AEdFTp5YKTuFY4VtimdRsrg-aDr6UxxoHhZD4AL5fDzE=mo,Sangat ğŸ…‘ğŸ…ğŸ…–ğŸ…¤ğŸ…¢,2,0,,2023-01-08 07:51:21,,,-1.0
90d6ab9d-a3b3-4abc-9908-d994dac2d9b3,Diansandiwara Sandiwaradian,https://play-lh.googleusercontent.com/a/AEdFTp4gPlqykHV3aWz_kkHXJTehS3AhBqJ-D6u4Lgvl=mo,Tarlingdangdutm,1,0,,2023-01-08 14:24:16,,,-1.0
9683c520-b831-4d56-af99-009d390c010c,Nano nano Nano,https://play-lh.googleusercontent.com/a/AEdFTp6ibjWJoGy6f2NmAzgPg6GMqcjW5aBwZ8gT4JVW=mo,"Tolong di perbaiki, makin tidak jellas ini ğŸ¤”ğŸ¤”ğŸ˜”",2,0,,2023-01-07 21:41:18,,,-1.0
379c916c-e9e3-46a2-a165-7eff33d76d43,Erna Wati,https://play-lh.googleusercontent.com/a/AEdFTp4DDhzKiMaqrXNTXJ5IMf4WaQWJqb4Dw6jzwL4s=mo,Bagus,5,0,26.3.4,2023-01-07 21:34:42,,,1.0
8c11752c-f6c7-4dad-ae8e-017acc8b55d4,Yuni 20,https://play-lh.googleusercontent.com/a/AEdFTp7NKrMsaFhC2xcpVQzmDZwvj6VtZsiKdpgKKQIB=mo,Tolong tambahkan fitur story ditiktok saya ğŸ™ğŸ™,4,0,27.6.3,2023-01-07 13:18:17,,,1.0
f13542cf-0842-452e-afd7-10df4a4f002c,Kana Ya,https://play-lh.googleusercontent.com/a/AEdFTp79VNa5y1NDliCJTvva2-3_tQKOsHiajAck9lBU=mo,Kok gk bisa donwload?,5,0,,2023-01-08 07:39:22,,,1.0
fce56c50-33d3-44d9-84fc-460f84aba23d,Faisa Ilma,https://play-lh.googleusercontent.com/a-/AD5-WCmPvavtThIqwuMeVb8OWefKGOcAipu8tH8q8T6J,KEREN BANGETTT aku bisa dapet banyak temen aku juga bisa buat video di sana,5,0,,2023-01-06 17:00:30,,,1.0
99dbfae7-feac-4eb2-b0d9-44b8e8259ee6,Rama Dhania,https://play-lh.googleusercontent.com/a/AEdFTp4nCogoO5twQ5XOPvTwyvCbERs5HVURRaNUbJRZ=mo,Mengisi kegabutan syğŸ—¿,5,0,27.6.3,2023-01-07 13:19:35,,,1.0
9b7345f4-0746-446e-863b-6f01a17f84c0,Syifa Widia,https://play-lh.googleusercontent.com/a/AEdFTp7TTQeVgh6yZwNZiY-CFa4DjYdruPFVnrooZeQt=mo,"Bagus banget deh apk nya, dijamin betah seharian scroll vtğŸ¤£ğŸ‘",5,0,27.6.3,2023-01-07 17:22:05,,,1.0
dbfcd779-efa6-4d3c-b208-cff3fffc0df5,Promo Cell,https://play-lh.googleusercontent.com/a/AEdFTp6l_m1l7duV3DqUz6xnZ9455fDV0Q_njz9Blo4v=mo,Omagaaa baaagussssssğŸ˜,1,0,,2023-01-07 09:33:49,,,-1.0
47f97d2c-79b2-49dc-bc08-c909e683b1a3,Anisa Puspitasari,https://play-lh.googleusercontent.com/a/AEdFTp79fWy_a2WSlAIrS-IWuG1HTsvwhesgQNdDuV0L=mo,Sangat amat bagus,5,0,26.8.4,2023-01-08 10:37:23,,,1.0
4b20e197-a1c6-475c-88fb-0c8f3d962927,Afryan Sitompul,https://play-lh.googleusercontent.com/a/AEdFTp7j6PfB0gznLDPPJRXLzU5LYi7rLYU-73rRmpyH=mo,Sangat membantu,5,0,27.7.1,2023-01-08 14:18:46,,,1.0
d9d7be26-642c-47d6-b92d-41cfe66f6dbd,Masius Masius,https://play-lh.googleusercontent.com/a/AEdFTp4DS7tkGM7v2thyVbzYQOPIr9BYZP6WhnvVzGpV=mo,Rating 4 dulu,4,0,27.7.3,2023-01-07 15:39:56,,,1.0
2ac15ad9-7408-458f-b379-faa0519aaa87,Rhaditya arkan,https://play-lh.googleusercontent.com/a-/AD5-WCkKvZ8BDpX6_lnnbW1WqMS6s8nZloe-YR5tOKfElA,"Menurut gw aplikasi nya gk bagus, setelah update bukan makin bagus tapi malah banyak bug, padahal kuota bagus"" aja, tapi kok ngelag Mulu, sinyal pull, aneh, tolong di perbaiki.",1,0,25.0.42,2023-01-07 16:17:03,,,-1.0
ba96f717-09d0-4406-8e5c-1daaf2943da9,kos Kosasih,https://play-lh.googleusercontent.com/a-/AD5-WClkUbZP4k7fctQ_l8DxIyWM18VnjHAEymIEjH-y5w,Okeh,5,0,27.2.5,2023-01-08 07:37:32,,,1.0
3a1df1b2-5a16-408e-82cf-48d52a8a4ed1,Putra Wono,https://play-lh.googleusercontent.com/a/AEdFTp4OgQzwMKkC1qtStC0rmFLaoY24Sj9rK8zdimkg=mo,Wah tik tok ini sangat menyenangkan sekali,5,0,,2023-01-08 17:44:09,,,1.0
1120c358-3171-4130-a1aa-069238b6603b,Desi Yuliyantiajja123,https://play-lh.googleusercontent.com/a/AEdFTp4yOJdHJ3YRCOAemSPpg4O2sGndkc4JfevYrHpE=mo,Filter anime nya harus diperbaiki karena banyak sus,5,0,,2023-01-06 17:36:02,,,1.0
44f97f27-903d-4516-b686-65dfe392ba7c,Tere,https://play-lh.googleusercontent.com/a/AEdFTp4KUD85ssMdZfV_G3_3NN54oaR1ZCq_yiPs3Q2F=mo,Malas pakai tiktok!!!!!!!!!!!!!! HP sdh update ke android 9 gk bisa lihat postingan & memaksa pakai HP android versi baru!!!!!!!!!!!! Itu palingan orng kaya yng suka main tiktok!!!!!!!!!!!!!,1,0,,2023-01-07 13:05:22,,,-1.0
e9b012b9-024a-44df-8e3c-067d1bd72a66,Arrivah Nd,https://play-lh.googleusercontent.com/a/AEdFTp6M8P3ssYzBWqlI6Xdl6KGvw4hL9Fe_VKzkOVQl=mo,Ini kenapa ga bisa di install anjirr apa ny coba yang bermasalah,1,0,,2023-01-08 16:26:01,,,-1.0
f9d55123-46ba-4b60-845f-be6cc3e60904,Purwanto Ilham,https://play-lh.googleusercontent.com/a/AEdFTp72StZ_s5MKzJ2JzFLxGlTYOS7--ySVuVILIj7a=mo,Ok,5,0,27.6.3,2023-01-06 23:24:11,,,1.0
e989727a-b0c6-48a4-96c9-f23675317ed5,Nabila Putri,https://play-lh.googleusercontent.com/a/AEdFTp6VOHLa0AUGaDXWoZNHePJZuWmcD2erFYnNeq4A=mo,Ok,5,0,,2023-01-08 07:53:06,,,1.0
f9d55123-46ba-4b60-845f-be6cc3e60904,Purwanto Ilham,https://play-lh.googleusercontent.com/a/AEdFTp72StZ_s5MKzJ2JzFLxGlTYOS7--ySVuVILIj7a=mo,Ok,5,0,27.6.3,2023-01-06 23:24:11,,,1.0
f3de5c2a-3233-44ed-80a3-0cd96f960052,Bram Nizam,https://play-lh.googleusercontent.com/a-/AD5-WCkcksabbT9vtu2y9Z2OLMVX0wCWR_5yptrJjcwa,"sip, ok....",5,0,27.5.4,2023-01-06 20:54:11,,,1.0
d8235cdf-ecc6-4d0b-a603-8510b7126158,Nabila Hoiriyah,https://play-lh.googleusercontent.com/a/AEdFTp6iF-C9cMxvCgEmfz3NZAQCzPtbY38X8v0cEQbD=mo,Bagus sekali saya jadi suka dek,5,0,,2023-01-08 11:02:46,,,1.0
5b8d267c-0f9e-48f8-9bf2-4c9e808da69e,Nadia Yolanda,https://play-lh.googleusercontent.com/a-/AD5-WCnHEt6_nZi321IPTi1-ccLtxhYPSckDEkBAeRNEOQ,Waeee saya suka saya suka,5,0,,2023-01-07 21:48:57,,,1.0
9213cd54-01fb-4a86-9054-b97de070f75d,ni eni,https://play-lh.googleusercontent.com/a/AEdFTp4RqBRB3Sw_QPe5YHBISshJXREky75_P-O9tHnW=mo,Aplikasih nya bgs bgt,5,0,,2023-01-06 14:56:19,,,1.0
378a9d5c-4588-488b-acff-243994c43d17,Ohitsme20_ ohitsme20,https://play-lh.googleusercontent.com/a/AEdFTp5384gL2K-XSwegPa7oJAPWIZxedGD7KiwFUhMT=mo,Aplikasinya berbahaya kita bisa terpengaruh oleh fyp yang lewat dari video karena beberapa video adalah flexing (pamer) dan juga saya ingin aplikasi ini harus di hapus sekarang juga,1,0,25.3.3,2023-01-06 18:56:00,,,-1.0
9ecf0772-dd22-4f60-bcd4-4896cafd9ae6,Rohmawati Eka p,https://play-lh.googleusercontent.com/a-/AD5-WClrlq-qhseYmdeGGkutWrpWjRqaAhk0cerKRQnKVwA,Udah di update kenapa masi blom ada fitur fitur baru nya ya kyaa posting ulang,3,0,27.6.3,2023-01-06 15:29:37,,,0.0
92d6a369-9ba7-4a72-adf3-1deaf77a9029,Aliya Ainulwardah,https://play-lh.googleusercontent.com/a/AEdFTp5eHKH0_Rq3CVTEBwTBddfDJCLXs2sclbgD6w01=mo,Bagus,5,0,27.0.3,2023-01-08 14:22:18,,,1.0
5b6b9a84-3cdf-458b-b060-caca3fbc0f4c,keyla putri andriansyah,https://play-lh.googleusercontent.com/a/AEdFTp6hAGJDwGTO0Xiz4yiQw_-gxuo4Cc143onW4uCK=mo,keren abis,5,0,27.6.3,2023-01-07 00:03:58,,,1.0
af890140-4cf3-451b-a962-c4513ec99afe,Bebek Joss,https://play-lh.googleusercontent.com/a/AEdFTp6kCV9YsIJnRvgIXtpk4GWv_1hjjPjLRg9yZ9_a=mo,Tiktok nya kayk kontoll,5,0,,2023-01-07 23:52:22,,,1.0
42a224a8-af57-4957-9c09-5441ddb7df1b,Niswah Nayla,https://play-lh.googleusercontent.com/a-/AD5-WCnhZ7rbMWCxDEmjurD5-9iMhPT9_XsEgnfMKsCGZA,"Sudah disetting tidak tertarik tapi tetap memberikan video yang tidak jelas. Sudah 3 hari di tunggu update fyp dan topiknya tetep sama. Jadi malas make. Edit: Saya sudah uninstall tiktok, lalu saya download lagi dan sudah saya atur topik, di awal awal videonya memang seperti yang diinginkan, tetapi setelah lama scrolling, videonya malah berisi konten random. Saya kecewa. Capek saya ngatur fyp nya. Sekali lagi, saya kecewa.",1,0,25.4.4,2023-01-08 12:09:37,,,-1.0
c29145ab-ec1a-4eaf-96b7-df6b995622dd,Nining Yekti,https://play-lh.googleusercontent.com/a/AEdFTp76247ELBpd_nS5mO7LWK6AGi9o1M7ja2Qr3Z8g=mo,Banyak hiburan yg bisa di lihat dlm tiktok,5,0,24.1.5,2023-01-07 17:41:59,,,1.0
ce2ea6b5-da57-44c2-bbb8-f5cd32e1848b,Yunita Retno,https://play-lh.googleusercontent.com/a/AEdFTp6jR13BAgk7209kw5i5b0XXf320gocXbGyLqlln=mo,ğŸ–¤ğŸ–¤ğŸ™ƒğŸ™ƒğŸ¤—,5,0,25.7.7,2023-01-07 09:40:24,,,1.0
7e1ef244-f11e-49e0-aff2-27520910b4c9,Riki Syahputra,https://play-lh.googleusercontent.com/a/AEdFTp42_L5rZvwK_0o3DRDV8qAB6-4Zr9FEPy1jqwKl=mo,Keren,5,0,27.6.3,2023-01-06 13:29:38,,,1.0
a24f3294-d80d-4f65-9cdc-0877463f9484,Saepuloh Epul,https://play-lh.googleusercontent.com/a/AEdFTp6SD7vc3OKWU2jrNOakx-4fBDTnpTMS4vj7JSsN=mo,Saya sangat suka,5,0,27.2.4,2023-01-08 15:43:20,,,1.0
529cbcac-db9f-48f8-8eb5-61b56935d623,Okta Amelia,https://play-lh.googleusercontent.com/a/AEdFTp6ib-vw2A9hFhE681u_-VmouPRP6L-tRRCW0gkr=mo,ğ”…ğ”ğ”¤ğ”²ğ”° ğ”°ğ”¦ğ”¥ ğ”Ÿğ”ğ”¤ğ”²ğ”° ğ”±ğ”ğ”­ğ”¦ ğ”¶ğ”ğ”«ğ”¤ ğ”Ÿğ”¦ğ”¨ğ”¦ğ”« ğ”¨ğ”¢ğ”°ğ”¢ğ”© ğ”¦ğ”±ğ”² ğ”­ğ”ğ”° ğ”ğ”¨ğ”² ğ”²ğ”­ğ”¡ğ”ğ”±ğ”¢ ğ”­ğ”ğ”¡ğ”ğ”¥ğ”ğ”© ğ”°ğ”¦ğ”«ğ”¶ğ”ğ”© ğ”Ÿğ”ğ”¤ğ”²ğ”° ğ”šğ”¦-ğ”‰ğ”¦ ğ”Ÿğ”ğ”¤ğ”²ğ”° ğ”°ğ”¢ğ”ªğ”²ğ”ğ”«ğ”¶ğ” ğ”Ÿğ”ğ”¤ğ”²ğ”° ğ”Ÿğ”²ğ”¨ğ”ğ”«ğ”«ğ”¶ğ” ğ”©ğ”ğ”«ğ” ğ”ğ”¯ ğ”ªğ”ğ”©ğ”ğ”¥ ğ”ªğ”ğ”¨ğ”¦ğ”« ğ”«ğ”¤ğ”¢ ğ”©ğ”ğ”¤,5,0,27.2.4,2023-01-06 16:38:00,,,1.0
9eab7059-6553-420d-96b0-bf947cbcf036,Mai Sarah,https://play-lh.googleusercontent.com/a/AEdFTp5dVgb8GPQeZD23k4YB9bk-mYocCkIrVd9qQ1rO=mo,Miss,5,0,26.3.3,2023-01-07 16:21:09,,,1.0
bc4068ca-5cb4-42e7-8242-f281e64da4c9,Xiao,https://play-lh.googleusercontent.com/a-/AD5-WCk47QId4NMFl7Uq6C0_Qs5DhsQYv8cwuDLkN3sy-A,Kanapa min fitur posting ulang yang muncul di profil di hapus padahal itu berguna bangat loh,1,0,27.7.3,2023-01-07 11:12:44,,,-1.0
e9851c89-4c0b-47f7-af2e-a145a3fc2d45,Sofia Napitupulu,https://play-lh.googleusercontent.com/a-/AD5-WCmVIfANrwq2WGHUpsytfShnPyX9BpovGWXpc2qv,Tiktoknya ini saya suka beberapa video yang menarik bisa menghibur orang kolo ketika gabut,5,0,27.7.3,2023-01-07 06:58:07,,,1.0
0b9f9665-9114-4f0b-8ddd-b2356fe94d01,Supri Yadi,https://play-lh.googleusercontent.com/a/AEdFTp5Eus7FvTrnLuB_fiXRiv5W9Rv8Qa4fw2UK3-g6=mo,Bgus,5,0,,2023-01-07 09:00:19,,,1.0
90d6ab9d-a3b3-4abc-9908-d994dac2d9b3,Diansandiwara Sandiwaradian,https://play-lh.googleusercontent.com/a/AEdFTp4gPlqykHV3aWz_kkHXJTehS3AhBqJ-D6u4Lgvl=mo,Tarlingdangdutm,1,0,,2023-01-08 14:24:16,,,-1.0
c65ebc2e-05bb-4689-a08c-9dd458d4d7b8,Dessi Sianturi,https://play-lh.googleusercontent.com/a-/AD5-WCmQCUL-aRE90iJuiS_AwesgVeW5lkB3EGrAD2N7,"Ngelag Mulu, ga peduli seberapa lancar jaringan nya",1,0,27.6.3,2023-01-08 12:44:45,,,-1.0
a0f856e7-21fb-4f69-88b9-ee2caa92f8c2,Iwan Setiawan,https://play-lh.googleusercontent.com/a/AEdFTp7VvzFZXCuX2TB8yJ7ErLePTk7NeAwM__BFmluW=mo,Oke,5,0,27.6.3,2023-01-06 21:12:11,,,1.0
b48ce5a2-1a84-486d-92dc-ae6893eedb92,DEA WANITA MAHAL,https://play-lh.googleusercontent.com/a/AEdFTp6Qyz8ufcanlWW9qflqE_TUUSQNcLuKOXw4BH1c=mo,Makin sini makin ngele,2,0,27.5.4,2023-01-07 10:01:05,,,-1.0
f3f987f1-6fcd-4034-ac4b-2998e5294545,nafis albukhori,https://play-lh.googleusercontent.com/a/AEdFTp7WLQx3pAF99EYOdcY-iH8WxLF0az5zVc-zsCHW=mo,Kok GK ada suara Wulan di tiktok saya? Gimana cara munculinnya?,1,0,,2023-01-07 23:47:00,,,-1.0
09e72db8-09ab-4355-a89f-d0b07ba73b0c,Wanto Kancil,https://play-lh.googleusercontent.com/a/AEdFTp7_DYzJRjWU80-n2eNhb3WGIhqpnJ78DXDuXlqA=mo,KOK TIKTOK GAK BISA DI DOWNLOAD SIHHH. MOHON UNTUK DI BENERIN AGAR BISA DI DOWNLOAD,1,0,,2023-01-07 13:46:13,,,-1.0
40870c87-a4db-4201-8ac0-1fa0cf7221ca,Syahbas Faisseptian,https://play-lh.googleusercontent.com/a/AEdFTp57LIp3BWItEmwTOOM4LY8fgnXbj70NZX25mPRf=mo,Siip,5,0,27.6.3,2023-01-06 22:27:29,,,1.0
84ee25cb-aa57-44de-9b6f-d40deda57830,Ati Susilawati,https://play-lh.googleusercontent.com/a/AEdFTp4TFtLSRSa8rTGwU9igLoqQ8FzLBNlJ2SlooBPH=mo,"I,M HAPPY APL TIKTOK HAPPY YOUR IS HOME",4,0,,2023-01-07 13:32:40,,,1.0
cd25b96d-af25-4c4b-84df-ff5842737099,Haidar123 Haidar,https://play-lh.googleusercontent.com/a-/AD5-WClnpOkE3lL6jQr7oPcDiTy3NhgFFbsj0lOd_ve2,Kukasih 5 bintang bisa in cara live biar GK lag,1,0,27.6.3,2023-01-06 22:06:15,,,-1.0
0f7ea39d-b581-4cb8-a971-049339b7be13,Irwan Syahputra Putra,https://play-lh.googleusercontent.com/a/AEdFTp5HzN2aEYnWx84pzvJrtbTD8ipDR2KO4i5Yd9pW=mo,ğŸ˜‚ğŸ˜‚ğŸ˜‚ğŸ˜‚ğŸ˜‚ğŸ˜‚ğŸ˜‚ğŸ˜‚ğŸ˜‚ğŸ˜‚ğŸ˜‚ğŸ˜‚ğŸ˜‚ğŸ˜‚ğŸ˜‚ğŸ˜‚ğŸ˜‚ğŸ˜‚ğŸ˜‚ğŸ˜‚ğŸ˜‚ğŸ˜‚ğŸ˜‚ğŸ˜‚ğŸ˜‚ğŸ˜‚ğŸ˜‚ğŸ˜‚ğŸ˜‚ğŸ˜‚ğŸ˜‚ğŸ˜‚ğŸ˜‚ğŸ˜‚ğŸ˜‚ğŸ˜‚ğŸ˜‚ğŸ˜‚ğŸ˜‚ğŸ˜‚ğŸ˜‚ğŸ˜‚ğŸ˜‚ğŸ˜‚ğŸ˜‚ğŸ˜‚ğŸ˜‚ğŸ˜‚ğŸ˜‚ğŸ˜‚,1,0,25.9.0,2023-01-07 08:34:04,,,-1.0
2f380e4a-9f15-4232-aae4-50565746025a,Ilham Alvaro,https://play-lh.googleusercontent.com/a/AEdFTp7lar_xU8objrmKQkK8HUeOvRXF1K_QhrkAkR_i=mo,2kt Paramex 4ls Bodrex 2ls Bodrexin 1kt B.flu 1kt Migra 1kt B. Extra 2kt Ultraflu 1kt Mixagrip 1ls Kamax 1kt Sutra 2ls Gandapura k 6kt Antangin 6kt Tolakangin 10kt Bejo 1kt Napacin 1kt Konidin 1kt Oskadon sp 4pk Ademsari 4ls Slasii 3pk Promag 2kt inzana 1ls Milton mint 1ls 88 1ls Ultrasilin 1kt Mylanta 1ls Antimo 1kt Diapet 10btl Hot cream k cmpur 2ls Freshcare hotyhhhhyh 1ls Afitson 1kt Polysilanehybhhbhh 1kt Hema staminahhhy 3ls Mkp 15ml 3ls Mkp 30mlhhhbhuhb 1ls Mkp 60ml Hhbhyhhhhhhyyhhhhbhhy,3,0,27.6.3,2023-01-07 23:54:58,,,0.0
9b7345f4-0746-446e-863b-6f01a17f84c0,Syifa Widia,https://play-lh.googleusercontent.com/a/AEdFTp7TTQeVgh6yZwNZiY-CFa4DjYdruPFVnrooZeQt=mo,"Bagus banget deh apk nya, dijamin betah seharian scroll vtğŸ¤£ğŸ‘",5,0,27.6.3,2023-01-07 17:22:05,,,1.0
21cb0490-528d-471a-9d6d-c1d88fb90e44,Jei-chan Veronica,https://play-lh.googleusercontent.com/a/AEdFTp4Rc0pQ1dNSSDVrzjObBlGvWoqYKO93VKtoJsCU=mo,apk yg menghibur diriku,5,0,27.6.3,2023-01-07 10:57:44,,,1.0
8f612559-a6cb-4f3b-bf6e-1a0529b938a9,atzen ka,https://play-lh.googleusercontent.com/a-/AD5-WCll_aSwqO0TUAkn6OfQtM7wNKSoIVhk9JDqjrs0,Apk gaje ğŸ™„,4,0,27.2.5,2023-01-06 15:42:25,,,1.0
8f16bb43-8768-48a1-8df1-6ee0362adc58,Andre Marvel,https://play-lh.googleusercontent.com/a/AEdFTp44oNzjmMROIGQNHuDYxXPN3_2hXu1MtIUyp_I=mo,Kenapa gak bisa di update dan di vt nya juga sering patahÂ² nglek saya kecewa kepada tiktok :(,1,0,26.6.4,2023-01-08 11:38:52,,,-1.0
db0527db-da1f-4e7d-912a-d38defdd198d,Raissa Fajari,https://play-lh.googleusercontent.com/a/AEdFTp5zjFX6j6PiR2jtwne9wrfD7BE9JeEmID3z5Mrj=mo,Enak tapi sering lrmot,5,0,,2023-01-07 12:08:20,,,1.0
f004bf78-cb44-4c06-bfcd-3a925696486d,Hidayat Tujuhdelapan,https://play-lh.googleusercontent.com/a/AEdFTp5k9n74v4uagJZ-xpDVTuIrLoG__1u97yFbdkhL=mo,Top,5,0,,2023-01-07 17:19:18,,,1.0
ecfa8d94-0f25-43d2-9544-66a293e4d138,Binti Kholifatul,https://play-lh.googleusercontent.com/a/AEdFTp7TL8K2V82AyQaFO5upIB_AxnslacdHQFT1IhMp=mo,Tik tok mrmang sangat menghibur sya.makasih ya,2,0,,2023-01-06 19:08:02,,,-1.0
c9acef54-321a-4ce0-b5de-d29fe15993ea,Rizky Pw,https://play-lh.googleusercontent.com/a/AEdFTp4aykp_gtpeA_RmsJ6Zn7n598Yx0-QsD-VzyOAk=mo,Sangat cocok,4,0,,2023-01-07 12:37:10,,,1.0
7b8a6d5d-ceb1-42d0-9da0-db9c6a97df78,Bapak Ajum,https://play-lh.googleusercontent.com/a/AEdFTp4Y3vbtDXOWyVHqvDXUJDugqzZQWxne2D2RxGvs=mo,Bagus,5,0,,2023-01-07 13:42:05,,,1.0
79fe3a07-e500-44ad-8148-cf82a3c7d997,Ilham Adha,https://play-lh.googleusercontent.com/a/AEdFTp6_0JDSspZdj1J7KO_fmfbhI_nvDPsI7P2a8mam=mo,Semoga jaya,4,0,27.4.4,2023-01-06 15:30:58,,,1.0
c03104c9-8a43-4c30-ac52-226cad3350e9,KangPrabuKopral Kopral (Kopral),https://play-lh.googleusercontent.com/a-/AD5-WClzfItHTJFzkocWjAS35D9Ja84zq6kwjajfz1gNTA,Ok,5,0,25.1.3,2023-01-07 11:14:18,,,1.0
b599c3b3-f25e-4b73-9468-2ebf09fa2a85,Novizar Bachtiar,https://play-lh.googleusercontent.com/a/AEdFTp65XjnQ4sSLYSZFXTzL2LVo5vc7F9gI3QJBQsZu=mo,ğŸ—¿ğŸ—¿ğŸ—¿ğŸ—¿ğŸ—¿ğŸ—¿ğŸ—¿ğŸ—¿ğŸ—¿ğŸ—¿ğŸ—¿ğŸ—¿ğŸ—¿ğŸ—¿ğŸ—¿ğŸ—¿ğŸ—¿ğŸ—¿ğŸ—¿ğŸ—¿ğŸ—¿ğŸ—¿ğŸ—¿ğŸ—¿ğŸ—¿ğŸ—¿ğŸ—¿ğŸ—¿ğŸ—¿ğŸ—¿ğŸ—¿ğŸ—¿ğŸ—¿ğŸ—¿ğŸ—¿,5,0,27.6.3,2023-01-06 23:06:41,,,1.0
c80c1e73-c2aa-4b04-9198-b51de8848931,hendri sigar,https://play-lh.googleusercontent.com/a-/AD5-WCkM9Z6EPBJ6qRoLrH3NzjsKJFEfe6XGFBqfBrhf,Oke,3,0,,2023-01-08 17:56:05,,,0.0
b725be12-fc63-4822-98a8-0a2892831984,Paul Paul,https://play-lh.googleusercontent.com/a/AEdFTp78kRtwoHDVPPGN3sU7_iwUL3gzGiJtCya33wce=mo,BAGUS BANGET SIH TAPI KASIH BINTANG EMPAT DULU DEH,4,0,,2023-01-08 13:57:39,,,1.0
a117ce57-33de-4014-acb4-9e9cc9c0a8b5,Tuku Tahu,https://play-lh.googleusercontent.com/a/AEdFTp62RoIw98ZQsn6aceJ6rwLNvkz3wUJPk5WIX66S=mo,Ter slebew,5,0,,2023-01-06 15:23:54,,,1.0
cd509e81-0761-4420-be27-cf8722787352,Rio Biranov Prabowo,https://play-lh.googleusercontent.com/a/AEdFTp5buiIyaXleGiOiDqpZ-ZNhF9gCH070JosBL4qc=mo,"Gara gara aplikasi ini, pacar saya jadi menyangka cuman teman",1,0,27.5.4,2023-01-07 16:58:04,,,-1.0
6fedd3a9-123e-42a8-b5fd-2938032fda22,Yuni Sartika,https://play-lh.googleusercontent.com/a/AEdFTp4uz4bvrpLV8z4w9Wd_-k0xfKX0t9VBtuWqBbgS=mo,Kamu nanya,1,0,,2023-01-07 07:00:33,,,-1.0
beda2ec7-25fe-4dce-8902-d760782c3a73,Hendra Wati,https://play-lh.googleusercontent.com/a/AEdFTp7q66UkhvMnKrzubxWWhqCV7tVZBupCkl4PFqtZ=mo,Ok,5,0,27.6.3,2023-01-07 11:09:06,,,1.0
d1ead0a0-c464-45e4-bc89-a48226d23f1e,NO&T PROJECT,https://play-lh.googleusercontent.com/a-/AD5-WCkU8fEj_fWLwVLxMtkURKPPXJuNgG_TfD_YQPmEiw,Apk termangap,5,0,27.5.4,2023-01-06 21:11:32,,,1.0
e0ca6583-c9ab-49f2-bcf7-9f7b8e469c77,indra nugraha,https://play-lh.googleusercontent.com/a/AEdFTp6AqdtecEzs8A_sbTC_g6fe2DqdRe-iwGSEJqOe=mo,good,5,0,27.6.3,2023-01-08 00:27:41,,,1.0
919ecb53-b903-4db9-8759-d43a73b3fdeb,Redm Redmy,https://play-lh.googleusercontent.com/a/AEdFTp6vpR4nKqhqNsuQM_tvaUsbmg-8V0X5DUj9ufsa=mo,Bgs,5,0,,2023-01-06 14:18:12,,,1.0
839dc931-b3ed-40ad-bc62-3890bc82691a,ida dmyanti,https://play-lh.googleusercontent.com/a-/AD5-WCl-3fwpb2qw3t55b-WaLGyyCpmK5G4Qbqb4aL5s,Apknya gabisa ngeinstal terus.,1,0,,2023-01-08 06:45:45,,,-1.0
8cba85eb-2490-4d36-b1f0-df592c7fc05f,Aditya Rasyid,https://play-lh.googleusercontent.com/a-/AD5-WCmcmqtVNqV_L3cNgAer9OIrOAowm2gkyTQBLrwR,Makin jelek,5,0,27.7.3,2023-01-08 07:07:45,,,1.0
2de9cdc1-17c0-444e-8d9f-7143765ec274,ê§defahagê§‚,https://play-lh.googleusercontent.com/a-/AD5-WClLh_jbSPftMM32xVqbV8wJ9hL7lPtGdPFPoFAI9g,BagusğŸ—¿,5,1,27.6.3,2023-01-08 09:38:30,,,1.0
eca87d78-b785-477e-826d-72e8dab33ca8,Kazz,https://play-lh.googleusercontent.com/a-/AD5-WCkXJBa5G9J-Rq4EB0pd0fBdhZ5QaPxj2Q8F-7uO,Ini tiktok gua kenapa fyp nya skrg sampah banget isinya,4,0,27.4.5,2023-01-06 21:11:32,,,1.0
0f4ae42f-dddc-485b-8857-1c14eb1b3609,Tujino gino,https://play-lh.googleusercontent.com/a-/AD5-WCmYtJ0HqE7N9hZsLNDJcWaaMQ5ueSMrzZpEPWiliQ,Lmyn mghibur.,5,0,27.6.3,2023-01-06 18:50:20,,,1.0
0bfb419c-31bf-45e5-be1a-19191b5e406d,Tri Handayani,https://play-lh.googleusercontent.com/a-/AD5-WCnZ2HzjQCffaITCb36FlNgf1vPJGYc0OAwIY81G,Bgus,3,0,26.0.3,2023-01-06 22:13:10,,,0.0
36adba14-d5f8-4918-a7cf-6f1bb8fb712a,Birin Shobirin,https://play-lh.googleusercontent.com/a/AEdFTp5qJEDBti-Q84fuP3lAMpxvGTiL2kKn8ByxllgJ=mo,Siap,5,0,,2023-01-06 19:25:28,,,1.0
9192e4d1-21e8-4758-83db-b411f991b98c,Kristinanug Xilona,https://play-lh.googleusercontent.com/a-/AD5-WCl01j8Utu2-UkZy9jrx9wv8PMJILBcAlB4e5vjcWQ,Kesel bgt sih akun ku kena band mulu njinggggggf,5,0,,2023-01-06 13:02:59,,,1.0
251d5b02-1f09-4197-97db-b53a3fd0b3d7,MlbbOfficial,https://play-lh.googleusercontent.com/a-/AD5-WCkCQReQm7KExeZFRIpq-k5AX4sDzm5VY_wfJiyutA,Rekomendasi Banget Buat Video Pendek dan berita seputar yang lagi viral,5,0,27.0.3,2023-01-07 11:11:03,,,1.0
96ebe746-5e27-4364-aa63-63c3222662a9,Herry Potter,https://play-lh.googleusercontent.com/a-/AD5-WCmzCIrjEJ0ZCPt_HW7yFewamcIKYTL9BAVmqCDuPQ,cukup menghibur,4,0,,2023-01-06 17:50:22,,,1.0
5437202b-695f-4c82-bb7c-992292c51ad8,Rahmat Jo,https://play-lh.googleusercontent.com/a/AEdFTp6P-qlu7MWFOy_NVKnM01b5R-zT2rNshV2Mz-y8=mo,"Setelah update bukan makin bagus,kuota makin boros nonton 1 vido aja 50 mb ngk masuk akal",1,0,27.6.3,2023-01-07 07:11:18,,,-1.0
5dfbbf60-a9b1-475f-84fe-68a557305f48,Doni Candra,https://play-lh.googleusercontent.com/a/AEdFTp4_p1IUkLpyFcP_RpVE_rBZ7HZzGMUTdIEYG5hG=mo,"Tik tok gk jelas udah ajarin ayang ku yg aneh-aneh, dia anak yg baik malah kau ajarin yg sesad""ğŸ˜¤ awas kau ğŸ˜ ",1,0,27.0.3,2023-01-07 16:39:38,,,-1.0
9f93588c-c8fb-458d-a672-4c558aeed0d6,Roni cell,https://play-lh.googleusercontent.com/a-/AD5-WClyQJfJkPQXIMMwhGcqjG3LdUZ9JWzDnmjTgx2D,Kualitasnya Bagus mudah di gunakan .mohon lebih di tingkatkan lgi Kualitanya ..oke mantaaapğŸ˜ğŸ˜,5,0,27.6.3,2023-01-07 14:45:43,,,1.0
67ef9c81-9163-46ec-9d70-77b25deaaad5,Devan Febriansyah,https://play-lh.googleusercontent.com/a/AEdFTp78tV62k7ejt9r-AHPV3KE9etOw1J_yUf3Q-sIS=mo,"Aplikasi tiktok semakin kesini justru semakin berkembang dan menjadi lebih, mudah lebih baik, dan lebih berguna. Saya sangat bangga dan mendukung developer semisalnya akan memperbaiki dan mengupdate kembali supaya lebih mudah dan ada perkembangan yang lain lagi.",5,1,27.5.4,2023-01-06 15:44:19,,,1.0
8e42c2fd-63a0-4cc7-8d04-cd5992945d6f,Syamsul Lukman,https://play-lh.googleusercontent.com/a-/AD5-WCkyMD8ZS5d2-DutCurtoE2WOzaxW0Flcwdyaqi2dQ,Good,5,0,10.0.6,2023-01-07 15:14:53,,,1.0
bd9f742e-e59f-4624-a3a8-b281fc261a34,Prince Bayu,https://play-lh.googleusercontent.com/a-/AD5-WClde4kEbdjaThyYkERzBHbKtohIm0VXtnLYAO76bw,gilaaaa semenit udah 200 mb,1,0,27.6.3,2023-01-08 02:03:25,,,-1.0
cf1e96b3-3936-4ff6-b371-0552d21bd22b,Agus Purnomo,https://play-lh.googleusercontent.com/a-/AD5-WClyBQxSWYt0yM0aY_lXetiwrx8X0yC2gBuOhoPukw,Bagus,5,0,27.6.3,2023-01-07 07:39:41,,,1.0
08e27e55-6506-47d1-8ff3-dc190edd1329,Nadia Ramadhani,https://play-lh.googleusercontent.com/a/AEdFTp6CUZRuJJbyRs0sTD7YhE_x_sX0c-kHjWerFD2v=mo,Kese neng akuğŸ¥°ğŸ˜,5,0,,2023-01-08 17:08:17,,,1.0
c48911fd-7404-4f8b-b273-429011fe053c,Devi Sondari,https://play-lh.googleusercontent.com/a-/AD5-WCmNhrMB_BFE7GYZ3-grPSxEvrHGJEPjrPVLyluEOg,Syuka bs liat2 karakter manusia yg beraneka ragam bs nambh tmn ..bs jg cari jodo...,5,0,27.6.3,2023-01-07 16:41:41,,,1.0
98b6efb5-1fc6-4a32-a756-1761afbb23e4,Yunu 301,https://play-lh.googleusercontent.com/a/AEdFTp5rWmr94m9Nb7LRHhkFZIUGRu6ONHpqrk8urx21=mo,"Entah kenapa belakangan ini tiktok suka ngelag dan banyak makan paket, saya harap kedepan nya bisa diperbaiki dan juga semoga ditambah fitur penggolongan pencarian dimana kita bisa mencari konten sesuai keinginan kita",2,0,,2023-01-06 22:29:58,,,-1.0
0fae35e1-2da7-450c-88d1-652bef25a6b6,Muh adam Faiz al arkhan,https://play-lh.googleusercontent.com/a-/AD5-WCmbkis1esZNFCnCdUlpRx5jU3chTfWP4pE9B04h,ğŸ‘ğŸ‘ğŸ‘ğŸ‘ğŸ‘ğŸ‘,5,0,27.6.3,2023-01-07 08:51:27,,,1.0
4dcd7cf5-7211-4296-96e8-04cf40db8a42,Treizna Yuandika,https://play-lh.googleusercontent.com/a/AEdFTp4RyXj0LjcULFEnERIbuBmD2dE4G85BxJdxRPa-=mo,Ni orang yang komen pada Napa ya??,5,0,,2023-01-06 13:42:19,,,1.0
c7ac3613-1f9f-4751-a346-b8261ef6fb2b,Mhmmd Rum,https://play-lh.googleusercontent.com/a/AEdFTp66TPwpo0IgFn5krX5BkZ8uB8-ynqXiIkTymG0P=mo,"awas sja yh besok blm diganti,ak bakal ratain perusahaanmu",1,0,27.6.3,2023-01-07 19:08:53,,,-1.0
016ea491-b046-49d1-8c65-8f511f3e3fd3,Sukmawati,https://play-lh.googleusercontent.com/a-/AD5-WCmjeADvhC3XmIQ0YzrFP_kemngIHyZvFQjNQnzeJA,"Kenapa setelah di update fitur belanja di tiktok saya tidak ada ya???hanya ada fitur temukan dimenu, Padahal umur saya diatas 20 tahun",3,0,27.7.3,2023-01-08 11:06:57,,,0.0
f3254b9b-a2d6-47bf-a850-c15a7e3b1990,teh gepuk,https://play-lh.googleusercontent.com/a/AEdFTp7SOuk3d5_bZfz-irqOajB_Dnnn-hT0WAqZ7Rgx=mo,Kurang bagus aja filter,4,0,,2023-01-07 11:53:17,,,1.0
cf923d83-1d54-42ab-bff9-46ba870397b1,Anton Al,https://play-lh.googleusercontent.com/a/AEdFTp5sPsyyonizegztyga5ZdyncF-z2-jE-RXAMYH4=mo,Sangat baik dan bermanfaat,5,0,27.6.3,2023-01-06 19:24:24,,,1.0
8d01004b-d786-46b7-8139-346156967ee7,Meli Marlina,https://play-lh.googleusercontent.com/a/AEdFTp5qzozoXtScqvuJjoWZRNhbnX09DFo8bRMBwPNY=mo,Bagus sihh,2,0,27.6.3,2023-01-08 14:41:59,,,-1.0
0886d118-9db6-4b35-878a-ec19fe6bca88,Alfatihah ratus Sadiah,https://play-lh.googleusercontent.com/a/AEdFTp5yac_QYteAoeY5EjXFTCjmn4XCDLqXJf03YuJM=mo,Heppy,5,0,26.6.4,2023-01-06 21:01:50,,,1.0
652889d8-b646-48ee-8ccf-1ce4af32eb91,Arif Sakti Brilian Putra,https://play-lh.googleusercontent.com/a/AEdFTp4N459JekKhcT1-Yv3-hD80vzNTbFsVgfFOtY5qvg=mo,"Tolong gua udah lapor masalah ga di tanggepin, gua udh 1k folower ga bisa live",1,0,27.6.3,2023-01-07 12:29:16,,,-1.0
919ecb53-b903-4db9-8759-d43a73b3fdeb,Redm Redmy,https://play-lh.googleusercontent.com/a/AEdFTp6vpR4nKqhqNsuQM_tvaUsbmg-8V0X5DUj9ufsa=mo,Bgs,5,0,,2023-01-06 14:18:12,,,1.0
0e9d0bfb-7b53-40ea-9e1a-af0d8d43a92d,Jack One,https://play-lh.googleusercontent.com/a-/AD5-WCmDkwd047q3h5EgqhsKMIYPTSY0xRSdBMNlxSl8,Gak jelas ni tiktok. Masak gak di gunakan. Paket ke sedot terus. Hadeh gak jelas aplikasi nya,1,0,,2023-01-08 09:24:02,,,-1.0
2c0135ad-46ef-473d-9e60-070c1511e7ec,Raiza,https://play-lh.googleusercontent.com/a-/AD5-WCla5K3poJT8gdKZKM-38XF1i7-DffPusBWHLg_jIw,Sering tertutup otomatis,1,0,27.1.3,2023-01-07 13:01:37,,,-1.0
7c90a79c-73bd-4f31-84f8-8e3fb9ad7432,Agus Petrik,https://play-lh.googleusercontent.com/a-/AD5-WCmo3vBf5Io_cLkXbiLjmN1d6Q1aItAF16fJQPRq,Sangat menghibur,5,0,,2023-01-06 21:47:12,,,1.0
21cb0490-528d-471a-9d6d-c1d88fb90e44,Jei-chan Veronica,https://play-lh.googleusercontent.com/a/AEdFTp4Rc0pQ1dNSSDVrzjObBlGvWoqYKO93VKtoJsCU=mo,apk yg menghibur diriku,5,0,27.6.3,2023-01-07 10:57:44,,,1.0
5fc79419-a4a0-4c7f-819d-12299404935a,Fita A,https://play-lh.googleusercontent.com/a/AEdFTp6S-g_DUV7sGNvIyYbSgb7oHSAxWCG5FrUuHTSc=mo,"Gimana sih ,apk nya malh mkin g jls ,ps udh di update mlh mkin menjadi jdi ,dulu ps gk di update mlh bagus bngt apk nya bda sma yng skrng sring lag sering keluar dri apk sndiri",1,0,,2023-01-07 06:39:27,,,-1.0
a79423be-f581-4170-b4bc-d23d4f7e15fd,LAINI SUHAIRI,https://play-lh.googleusercontent.com/a-/AD5-WClgerRIu7toJU11Tc8vqDrcIUastQOeMPTDcXOcgw,Sangat puas,5,0,,2023-01-08 11:27:12,,,1.0
0c983bf7-7cdf-408d-b1b6-9038c0f1e862,Ibnu Zanzabila,https://play-lh.googleusercontent.com/a-/AD5-WCmCJ5-YuET9zG-jUBnAQkElU8_AcgDuYbMzeEwX1w,"Min ini bug ato apa y ko fyp tiktok aku isinya random banget enggak kaya dulu sekarang isi fyp tiktok ku acak sampe males buat buka ,mohon ini bug ato bukan ya kalo bug tolong di perbaikiğŸ™ğŸ™",1,0,24.4.3,2023-01-08 03:27:54,,,-1.0
35fd352a-63d0-41c6-bd60-a38d95ffab0f,Juwariyah Siti,https://play-lh.googleusercontent.com/a/AEdFTp5UmYJOTIRgugf5Q2cl-UmjxHA4Fo0gbFsZJFZS=mo,Suka se x,5,0,27.5.4,2023-01-07 21:12:49,,,1.0
613f5cdb-4ec2-4152-97a7-d72615c8b7d0,Rizal Arozin,https://play-lh.googleusercontent.com/a/AEdFTp5tmXSMc4WF8MbZ_kFNT0tXHxz5U0sUZhYbMupb=mo,Top z,5,0,,2023-01-06 22:55:50,,,1.0
06555c62-f249-490e-a523-723467213c1f,Yoga Prasetya,https://play-lh.googleusercontent.com/a/AEdFTp69qtZOMEC1q-LP0J-w_KOjdbTUioRbC_-sKOWD=mo,Bagus sekali,5,0,,2023-01-08 12:29:21,,,1.0
fea3c0ac-3972-43fb-b9f2-14d861584302,Novli Dasinagon,https://play-lh.googleusercontent.com/a/AEdFTp4FHOdmUYAeXd9tgCqKXsFK_1Z0sBN_l_sSNdVx=mo,Apk nya sangat bagus bole ngertiin perasan,3,0,27.7.3,2023-01-08 17:53:11,,,0.0
a5b1d68f-1376-4247-a358-46fbf267a0ad,Azahra Permata,https://play-lh.googleusercontent.com/a/AEdFTp5KRMm-dS8mQycl24dbR2NG9pylo5jMtcDGioLj=mo,Bagus bgt tapi knp saya tidak bisa daftar kata nya sih blm menertujui aturan tik tok terimakasihğŸ˜ŠğŸ™,3,0,27.5.4,2023-01-07 22:48:56,,,0.0
2745199e-2197-489e-a7db-dc3b27e94ba1,Jon Silalahi,https://play-lh.googleusercontent.com/a/AEdFTp6DY-LKYbzTtHYaUjU7BJG_MAkbj-erqF_xibjZ=mo,Good job,5,0,,2023-01-07 00:06:13,,,1.0
d8371cb9-c51f-4954-9c8c-ff429bac8fb0,YNT KTS,https://play-lh.googleusercontent.com/a-/AD5-WCkkIn-j0nWVNBddw64-8jQYkNFyYvU7ioekuGv-nA,APK AKHIR ZAMAN INI,1,0,26.3.2,2023-01-06 17:34:27,,,-1.0
e99fe2ec-f2d0-4a8d-a575-e3bbb8d4e80b,Akri Balut,https://play-lh.googleusercontent.com/a/AEdFTp6tsq468Tc8D2VWltjDQhCfT-vymGnxLi5n-uS0=mo,Centang biru,5,0,27.0.3,2023-01-07 19:07:43,,,1.0
c13a9734-c99a-45fc-918f-1f0211fc22b2,Christian joe XI IPS1_08,https://play-lh.googleusercontent.com/a/AEdFTp47YEyxlr8rw470iuHiLzNXWVldYV19JFiznzyd=mo,Rtm ğŸƒ,4,0,27.6.3,2023-01-06 17:20:56,,,1.0
7a65cc30-833c-4f05-b4cc-574206e6d466,Meyda Safira,https://play-lh.googleusercontent.com/a-/AD5-WCk94mmUjffjnVsgb4wVTe_FhioVhnERIKEXeLA1,Keren ğŸ‘,5,0,27.4.4,2023-01-08 09:05:39,,,1.0
7b236f82-3045-43cf-8593-3009f42ade54,Danis Saputra,https://play-lh.googleusercontent.com/a-/AD5-WClwNwQm-3ZBd7gJfR2KoYZeRVnBFssXki09Cuvd,Sangat bagus,5,0,27.6.3,2023-01-06 22:07:39,,,1.0
cd509e81-0761-4420-be27-cf8722787352,Rio Biranov Prabowo,https://play-lh.googleusercontent.com/a/AEdFTp5buiIyaXleGiOiDqpZ-ZNhF9gCH070JosBL4qc=mo,"Gara gara aplikasi ini, pacar saya jadi menyangka cuman teman",1,0,27.5.4,2023-01-07 16:58:04,,,-1.0
63a1bd10-76f3-45f2-b739-d2273d9ee1e5,Hus Miyati,https://play-lh.googleusercontent.com/a/AEdFTp7YZzDj5jcOMd-6b2_x5Zj1pDmrTTkgvjbEpFr1=mo,Bgs,5,0,,2023-01-07 20:31:27,,,1.0
ceceaaa0-9528-475f-88fc-f52d0f0eae30,Hanum Khoerul,https://play-lh.googleusercontent.com/a/AEdFTp5VHE7ATADWmeM9z0CEcCQLfzccQ0tzsqy3D0dT=mo,Lancar lancar aja tuh yg bilang gk lancar munkin hpnya jelek kaya aku dong ip,5,0,,2023-01-07 06:02:30,,,1.0
9619b36f-555d-4c56-b4f7-8be4f0fe4ab0,Qiandra Zanuar iskandar,https://play-lh.googleusercontent.com/a-/AD5-WCkTicY27PRr4UuInqEY-RcZoJJgdXyqAX8m15YxUA,Apk ini harus di hapus pls,1,0,27.6.3,2023-01-07 13:38:05,,,-1.0
819dcbc3-5ace-4cf6-ad39-c8670e434141,Zainulloh Zainulloh,https://play-lh.googleusercontent.com/a/AEdFTp7HL_Qgw3DTN8-qyc606iqp4ln-FPegrT5Pxe8n=mo,Aplikasi yang sangat bagus,5,0,27.7.1,2023-01-06 20:30:32,,,1.0
ab5abd29-38db-48b6-9137-f62613defd98,Rizal Boy,https://play-lh.googleusercontent.com/a/AEdFTp4NnIeY7wfVrXGkcAcJ4Ku8pko1YNmYhBKMETA=mo,Menghibur,5,0,27.6.3,2023-01-07 21:56:05,,,1.0
5d50c090-57bd-437f-ba6d-9f3a119a7e51,Sandi nation08,https://play-lh.googleusercontent.com/a-/AD5-WCliDZ1Vn2sJBZcuA5GWTQjI8R5SDRHK2vaoUQvl,"Tolong dong pihak tiktok ini kenapa banyak bangett masalah dari force close terus, terus akun saya gabisa login padahal itu akun yang biasa saya pakai.... tolong dong tanggapannya",1,0,,2023-01-07 07:31:10,,,-1.0
f2bb91c7-5738-4dc1-96ce-4006d34ce774,Rejab Iskandar,https://play-lh.googleusercontent.com/a/AEdFTp53X8y7X29DNaHuxrDGLCAHiNj1KdH7fQbCBO8M=mo,Banyak bnget masalah,1,0,,2023-01-06 19:04:10,,,-1.0
f5d53aeb-2831-448e-aaf7-f9943f432849,Marzuki Jhi,https://play-lh.googleusercontent.com/a-/AD5-WCksk0nfULSwk0_UBLAV3nLIKRbphi02Q16OdryH,Bagus..dan suka Tiktok,5,0,26.8.4,2023-01-08 15:13:29,,,1.0
9a5ad98b-dd9e-4c9d-8668-e221a3b4fe30,Al Gahzali,https://play-lh.googleusercontent.com/a-/AD5-WCnK5iLHOZ4l3ApRSTqRJ7HwNf8h0MlDjeiFow3GiA,Kontl,2,0,25.1.3,2023-01-07 23:53:15,,,-1.0
5c934b4f-45ef-49f9-a379-b38bf3103ba0,Muhamad Ibrahim,https://play-lh.googleusercontent.com/a-/AD5-WCnANkap_mW9RnnJ7mrnNmF4UjRUtPeYgulYdK8W,Sering sering kasih vidio gw fyp ya tiktok ğŸ˜œ.@14imm_,5,0,27.6.3,2023-01-08 15:41:54,,,1.0
32c71857-4baa-4795-b381-ac9dbc260d77,Jujul maniak singaparna,https://play-lh.googleusercontent.com/a-/AD5-WCmycSdu4dMztcHfUh8pg0FGC0UYoDmqHFsJAIXc,Bagus,5,0,,2023-01-07 09:14:35,,,1.0
85c0038c-3d74-4f43-94c4-12c4300ce14d,Muhamad maulana Hidayatullah,https://play-lh.googleusercontent.com/a/AEdFTp7aSJBLe5kb9TANGqykrJCX5oS2ksMu-FTC20Pq=mo,Sangat recommended,5,0,27.6.3,2023-01-08 13:46:51,,,1.0
505e560e-8cee-4cb6-94c4-da3b250ce6e9,Mi Ki,https://play-lh.googleusercontent.com/a-/AD5-WCnPQzRjV9c8btQS4gEQehXjxNG7WvkRZql24ikb,Baguss bagusss abguss baguss bagusss bagsusus bagususususususususuusususususubagayai8s8sisus bagusss bagusss bagusss bagusss baguu s bagust bgt ğŸ˜­,5,0,,2023-01-07 12:54:39,,,1.0
33b9cbce-4eab-42cf-9434-1b429e4c183b,Salsabilla diva ramadhani,https://play-lh.googleusercontent.com/a/AEdFTp6CzF4fqEhzfyfyx5BABfHe71_pdUd4KYlPYnng=mo,Saya suka aplikasi tik tok ini. Saya suka banget adikku pun suka,5,0,,2023-01-07 11:55:59,,,1.0
78a6b622-73ac-46bb-8bc7-e714b856e3bf,Randika Wahyu Anggara,https://play-lh.googleusercontent.com/a/AEdFTp5iIJn85bvcazzrVgpYmvmPAeDTEV42mD9c0IHj=mo,"Halo developer, saya pengguna tiktok dengan nama @epw280 ingin mengajukan keluhan yaitu. Dalam 4bulan terakhir saat saya mengupload sebuah konten/vt view yang rata-rata bisa mencapai 5000 penonton tetapi drop bahkan sampai 0 penonton dan saya tidak tau apa penyebabnya. Mohon penjelasan jika akun saya mengalami suatu pelanggaran agar dapat saya benahiğŸ™ğŸ˜",2,0,26.3.4,2023-01-07 08:42:49,,,-1.0
afde4015-7c1e-4f83-bcb5-ff6cd824270f,Fira Shafira,https://play-lh.googleusercontent.com/a/AEdFTp5mlA--p6VVXxGg0BJn4h7QvSC8TOH5OOxK9IDl=mo,Bgs tapi Vidio ku gk masukk fypğŸ—¿,5,0,,2023-01-08 09:46:32,,,1.0
dbae0052-8b4f-4737-83ac-0456c18a68a8,fahira jauza,https://play-lh.googleusercontent.com/a-/AD5-WCki09JddMDXtgrgH7TOa0sRahpthsTtYgLx0qlApw,y gt,5,0,23.4.4,2023-01-08 14:33:21,,,1.0
